lat,lon
56.19964806496286,10.15822670645621
56.20459595181826,10.24349994336019
56.21652264980573,10.28951380687832
56.11003744226802,10.23211717608348
56.21902845851939,10.15438195555394
56.25587555791785,10.34214638703917
56.16572845190485,10.00537680271468
56.1041917099016,10.10569523402015
56.19956720099677,10.07594604794934
56.14312829877839,10.14377204335116
56.17690200689635,10.15567686794157
56.20705317321604,10.25933488768825
56.07701110145913,10.15061694509631
56.13258903557859,10.12856739890549
56.14827222495898,10.19232691817456
56.25138805500466,10.19756973817065
56.14994106026172,10.08329566760511
56.0415977227528,10.14574103890788
56.17573069938684,10.20040349890626
56.2545499924468,10.12786965430111
56.14149056242679,10.20875941301396
56.13645709754824,10.15169532674575
56.25906538155461,10.26593937533194
56.10291802365958,10.23430203630129
56.11848499811899,10.19350543947096
56.13743731937232,10.20398707974073
56.04148311584117,10.19375956015565
56.04393337070111,10.09389927502748
56.15843998724627,10.08770670996974
56.12443881273808,10.06468165374297
56.03530951700601,10.2392867048635
56.22299031702126,10.1714541829229
56.19682515029965,10.17740596004486
56.16991568246969,10.05493747184498
56.15259588392065,10.16922213646114
56.02901191132565,10.20493450538675
56.23343650988723,10.26447660147868
56.22660283813823,10.13985571632757
56.23460136313509,10.32038311926664
56.09701257892997,10.06512021870963
56.1065092790684,10.16637386866552
56.22210465284682,10.23745174510205
56.16017171674645,10.13097052404787
56.21195578022046,10.1325816835904
56.02131891816116,10.08438016716091
56.2285244346437,10.24041871215515
56.18065270929175,10.16978288227168
56.12554981838159,10.06182792034344
56.23035676586936,10.20546641124027
56.15714406675333,10.2076786169932
56.11111431508148,10.13250269708494
56.03400746492213,10.10497264431827
56.15393412555535,10.05983052557949
56.15498731053219,10.18510901289262
56.10900293094475,10.07930246525176
56.19453887139296,10.22476371055087
56.17382372155636,10.20744464869827
56.24199054161351,10.21782544715473
56.1406174731245,9.967845197040294
56.20165721271472,10.07789396460258
56.16490759729384,10.14079484179065
56.13140236000523,10.15625712693691
56.11067415934303,10.07858545296687
56.17299029744051,10.12308023628506
56.12105569039105,10.19213924790217
56.03651661805506,10.18482192656647
56.17699143730572,10.19329259811552
56.18621277746645,10.06015460790301
56.22133265930923,10.15131039287378
56.24717999450658,10.29783438946548
56.13056622220877,10.03787589910855
56.16567999949775,10.0961218026283
56.1494872827411,10.02831781084969
56.30249316345637,10.2647936172724
56.1231617264033,10.09851335377143
56.19917152079472,10.17427682642732
56.10634374157069,10.13471495163623
56.19068603322518,10.15941992014288
56.11529364751599,10.1773082119932
56.3031390196433,10.20845672517845
56.08824773490543,10.22190156954271
56.20913319792183,10.21504866238705
56.24733776645143,10.27552837800997
56.13864979101707,10.19890072623569
56.20756669189775,10.20822711977029
56.04451507163147,10.26315208888206
56.25508278016372,10.30016676432417
56.213146900638,10.02974124993518
56.19028015725643,10.12364316841817
56.23779640776601,10.2214355053243
56.13489118805678,10.1573508920968
56.12512424714284,10.20794967470033
56.22361513098654,10.26781878905983
56.11487232280147,9.988554382815671
56.21181738945273,10.15192502374681
56.12671671322658,10.13886703354821
56.18420271370145,10.23082510131507
56.12771752664816,10.19608414837679
56.14890366514894,10.00629344268875
56.12464897266278,10.17099862589934
56.21064847289963,10.26888807364747
56.28652898950079,10.34845300583916
56.11217974813766,10.16912953424374
56.01996352477912,10.11987731158556
56.21567342148421,10.26107095214568
56.04001023723138,10.25337709532655
56.29788337211389,10.17144530671994
56.17843316315434,10.18312828285905
56.15563350922611,10.13685804091288
56.15901188541717,10.14096619056811
56.17494401430455,10.16635177549307
56.17496058314818,10.11529340656064
56.08279380908093,10.13916922008816
56.11440417846489,10.09273486173719
56.16794150880128,10.15246069228627
56.0675590078016,10.19244152817705
56.17928740355503,10.17755562609811
56.11288035728045,10.16873765717382
56.04992515909733,10.17971537777925
56.24262634060325,10.25813667246743
56.10309081050966,10.07682266834102
56.14985831915821,10.21331010857715
56.09007024996649,10.19392479268445
56.23458932047117,10.33546940715861
56.21197654647941,10.04034711326557
56.20998776539084,10.24321895647487
56.21455323449216,10.18122305385489
56.23086520915809,10.24439585599979
56.23837978046055,10.15827528995045
56.1079538737776,10.17897099830549
56.14500656137389,9.996650882830323
56.16478195913909,10.19898440259488
56.14987071081455,10.24730771744975
56.13569925460801,9.998739316193207
56.18856609093856,10.18832983341012
56.18035655469951,10.09531729194635
56.28458572387268,10.12641712493661
56.21966918680805,10.19016100094545
56.19981279972988,10.19804505027159
56.21786578217184,10.26723529409565
56.15066408773578,10.13505414149408
56.03764414013639,10.0868673205172
56.24250890457531,10.25822198397945
56.19796788522441,10.17034570263342
56.27467482142534,10.31217044752041
56.18136825010149,10.16889170881635
56.04175255982346,10.20752793426522
56.07831111327174,10.09913568248655
56.21939217383784,10.1395959753317
56.16854080039301,9.988529411734861
56.06285687823458,10.09043935288685
56.11477942332858,10.20509957051295
56.08911447343645,10.22968124528243
56.21093917676592,10.23872049838453
56.12849886854831,10.12037499691062
56.19288191030262,10.10752861324456
56.29334706592715,10.18030339441711
56.26514395378733,10.26091242192402
56.17667529309185,10.19938455382372
56.20900972406483,10.05432436990341
56.11403577224326,10.1814314107063
56.17716587546663,10.16255527722169
56.26829232120532,10.18823232032213
56.22644528814244,10.2199762311982
56.02535716908228,10.21697939135337
56.23685313027457,10.23362972694851
56.20414954219755,10.18080213354072
56.1675444564494,10.17166628564234
56.09247878047051,10.13404072472755
56.27860502768701,10.29229953698771
56.10247697040077,10.15617516718794
56.22944533812039,10.22443775973852
56.24209670915382,10.32786368313141
56.11702139746492,10.20106539769932
56.1531389654975,10.03510385170464
56.16909057268258,10.16153357758781
56.1738347572585,10.12404717433092
56.16979127749506,10.13980902368476
56.050417854721,10.12859258958424
56.11328502626898,10.14647773311711
56.13956720913753,10.14186786989558
56.13879735768455,10.21072385905064
56.23761761275959,10.22040024191033
56.18873719616064,10.20510050737636
56.13087787500182,10.10076469596283
56.11221563783734,10.15997272009632
56.19380236226466,10.10221638045534
56.29768390581196,10.1836216462692
56.16108337158349,10.12252332021496
56.25522515004969,10.30518277268998
56.21742950076324,10.28748688457907
56.15475621274184,10.12512531076438
56.13511865068885,10.19858103693955
56.12265881602591,10.13511361173215
56.2347370114795,10.30883009318537
56.20917640891823,10.17313026650187
56.02220657992633,10.21634857903874
56.11104955672902,10.15680015012659
56.07534630076488,10.14861005406193
56.03545281305212,10.1952989634401
56.11867110610667,10.14163515956019
56.29765279718801,10.25851212811204
56.24635892211484,10.33693265114836
56.19825676389534,10.20279900972893
56.10939945417923,10.16351354642229
56.04736533202588,10.26334992305569
56.17649163205638,10.18392090136702
56.11925947227307,9.985077759144092
56.2613782518571,10.32461828677834
56.12507899578454,10.13886757582816
56.08929346463362,10.12910002475383
56.21590605813589,10.10313453577141
56.0375822691849,10.15273547535633
56.18012235696651,10.13480094231062
56.21578310281501,10.10276609327645
56.11069282651479,10.2158150158173
56.20218316567473,10.13408942996347
56.20367781538088,10.12538849493925
56.07044560471027,10.15566809366072
56.24708309006432,10.24993282373941
56.21459952662252,10.02695555344236
56.24280176704477,10.15808037105709
56.15828385984859,10.15593039401702
56.14846056971218,10.20572893286141
56.13339677714926,10.16427624339889
56.15705938757674,10.14200945606488
56.24998913816908,10.2067774542631
56.03639056511209,10.2417449230105
56.17545048250132,10.06597060759727
56.10690316022782,10.09600783843183
56.18906879413641,10.0913233566945
56.16671023210098,10.19427260539761
56.03927638903522,10.19408108717547
56.11168513666177,10.21628476604549
56.03240095936572,10.13201554776685
56.16991308669151,10.20092699303342
56.15196321944319,10.011592259424
56.14610646543063,10.19520720512902
56.20849414948297,10.04937517706947
56.25829643279661,10.27822511686032
56.22595970421246,10.16264363500983
56.17062756637736,10.18250243306889
56.09669288054982,10.17876583651958
56.25696003734022,10.3079562614059
56.19107326849154,10.19420334835203
56.10210135959352,10.15437241156935
56.22744754118997,10.23609973412959
56.2916421288383,10.15077700394475
56.14233125983482,9.998396117102898
56.09880210760273,10.12210342142866
56.13394702824647,10.20772829543576
56.10337467471647,10.20793184243022
56.17598762622284,10.10030995895234
56.03563757730457,10.23961881560062
56.1757052206686,10.1644355684023
56.18093742683641,10.1826308823978
56.2273342097246,10.25290173820996
56.23188741179695,10.24554849691975
56.2365559799948,10.30907382492752
56.22790506434449,10.21826149356469
56.15965984517049,10.1148913161175
56.10630919936978,10.04825891054707
56.05874474435382,10.08961220689719
56.24234519144229,10.19358281730616
56.2655273224928,10.22266147179704
56.23596538731827,10.21587697841601
56.10437994783177,10.16911588718824
56.23910834982019,10.23495084948452
56.19844613080496,10.21371596619546
56.20153900795739,10.24668467091462
56.32141833601159,10.19429364385858
56.23679172172385,10.29967906220337
56.17762699480609,10.10584452569828
56.18296288354566,10.18184775562614
56.13605642660311,10.04033028540399
56.15924777558114,10.20593772148761
56.22134624762401,10.2983755260132
56.26363339541136,10.24251082454233
56.11658509026821,10.13659337456013
56.2299513363619,10.29449478406905
56.08661658414096,10.11513443600698
56.12962435885063,10.09706262366119
56.14871854167964,10.13640016078494
56.04975399990605,10.18688565022749
56.15163009820833,9.997161088836876
56.20793102460806,10.23780600640718
56.17952134160037,10.20484074253324
56.19062428629454,10.21862364684294
56.20571417677966,10.25745081172525
56.13234451324254,9.994540091464442
56.1304585365617,10.13827728213358
56.10251579589155,10.16839796557588
56.08454261333949,10.15196547046144
56.09584763452249,10.135952395778
56.10575362504489,10.23334404514281
56.13784469430068,10.17635088858277
56.21840177192167,10.19367495804103
56.18960240633427,10.19481275931654
56.07484461249169,10.20871065317556
56.11920765474113,10.20102149157538
56.17818775202297,10.14778378609046
56.14836414586289,10.1990359608479
56.13091887954,10.13856032310184
56.30357905790529,10.25122965520403
56.17222198472826,10.19168121055016
56.10934085148096,10.01924675128138
56.15683290452219,10.12198421864556
56.02731617328172,10.1872894164429
56.2565093879359,10.14253927020059
56.15548040146638,10.18047970630382
56.11998628034618,10.14509967947152
56.02238981039916,10.18041390929964
56.03711917247161,10.07930201367884
56.19627857744139,10.20985627038617
56.19641335679758,10.0689779830097
56.26508657543599,10.28220466829807
56.23570204709232,10.1911133444857
56.1208952388903,10.13365786436005
56.24989135645838,10.28166651935765
56.16366004391715,10.20044701782822
56.2077816270091,10.17948675460845
56.23548325919378,10.3028947212097
56.20804571795579,10.20755190430568
56.28084909780154,10.12550936132917
56.15937831491629,10.13373374962077
56.24760860420629,10.24964287028032
56.0350907030686,10.19605111060211
56.16521344636643,10.17666870363819
56.15327389526744,9.998509285069222
56.00599106384396,10.05463241148925
56.21050853261463,10.16727824027511
56.23346274130054,10.1249275991405
56.17196677809658,10.18669604995936
56.1401964744667,10.01913122381246
56.17667843751595,10.09773061657088
56.06542470237693,10.20740703654947
56.26944576504681,10.29378570867352
56.12426265654415,10.00795738445951
56.19424600540883,10.20626788792238
56.10770659484076,10.03171777518614
56.18763471912072,10.21457052242766
56.24893817695644,10.29699057629625
56.31477434268555,10.26578918544366
56.0715741445163,10.16303022663852
56.0604913603623,10.11490605977486
56.05077187148788,10.16698383865686
56.09745637669034,10.12777620265757
56.24309579287696,10.24463527074775
56.21062417028057,10.24061973130609
56.14956246735618,10.0029957922983
56.14992617966654,10.08297546635067
56.06803040532342,10.15696240706645
56.2476848611391,10.26246481514133
56.01281350629283,10.055845734381
56.08589150054114,10.22125450716405
56.11445936363929,9.99075872890141
56.17462334780036,10.18338858226129
56.26508548344111,10.26617771841931
56.32402232236691,10.20214995735476
56.1763926402767,10.11537151231571
56.06044678017644,10.2113860003951
56.1814498778433,10.10323098865485
56.23723100000419,10.23570232430072
56.26048020733262,10.33600630173492
56.13876086310209,10.17630796197004
56.06345003249826,10.20656528499931
56.12899802936593,10.14748264643436
56.12288855178674,10.1316318632959
56.10902642515835,10.2165846272573
56.15373958625683,10.11284851923272
56.15426962464702,10.11424152277745
56.10809342509852,10.16699096884189
56.20229739734315,10.27635852621093
56.2072237778359,10.17045564138695
56.12713224631429,10.14281506297538
56.18474884762178,10.20010814603929
56.17236581874526,10.12332443423491
56.14446992080551,10.192103944612
56.12571725910669,10.12262534602005
56.15819070651272,10.10626470107907
56.20838474249213,10.24894761911921
56.24606897071904,10.23117763071927
56.24553405513502,10.27108239135038
56.0439249656465,10.19281552423568
56.19771000269412,10.2121226856687
56.11085968949791,10.20258410554158
56.15028673369137,10.10768901273464
56.10679724870315,10.03207058079521
56.16565496186267,10.14662555883115
56.08327101779446,10.12200669991307
56.1751975147729,10.12212862021861
56.13202292161591,9.96444149255628
56.26658539801574,10.2997419530099
56.22433880457429,10.23381382911723
56.2663068625941,10.26758674461938
56.01878117023232,10.23014393733472
56.11516392785452,10.21401461375509
56.19637431063626,10.00148078735581
56.13777004974937,9.991849266456455
56.07622335276168,10.16443493117502
56.15072213277563,10.18718996549051
56.29729836238483,10.14711721329029
56.18251920525752,10.05703680684685
56.16938130614246,10.20623968699048
56.13205298887512,10.04038305401088
56.12934908796832,10.12439811857783
56.035371151767,10.07268702710023
56.11064369882785,10.12026020278206
56.17471357884359,10.1125772463091
56.25088498230988,10.20152215220581
56.0729315950146,10.16686259357719
56.17801010660857,10.16731378548715
56.27027891525222,10.28352219714673
56.12229105499068,10.00653095183907
56.11452567424718,9.985534773583648
56.1169357560548,10.12198604478909
56.14254284212675,10.23069800356005
56.23434055536254,10.24662054315085
56.15232602365287,10.02194715358293
56.06613338712842,10.15832348549855
56.15568408742568,10.19457643654904
56.01802042132987,10.12760155169618
56.1832820752885,10.23553444393277
56.17612698330944,10.15829258273713
56.14842073732814,10.16132410015809
56.1703198138238,10.18144689575787
56.14439585237078,10.17284430077907
56.19890606096175,10.23491089131723
56.11563287417314,10.13428586382805
56.06094500665849,10.16690869007153
56.10428102500965,10.18650095219333
56.07220831893146,10.16860754823036
56.23419221688236,10.31054531518581
56.11616195002348,10.03768676097569
56.09430023737136,10.17821234902161
56.20408085506762,10.2513914471307
56.16698589040225,10.20396552042846
56.16806018298197,10.05865239013423
56.11381755533883,10.13022463566638
56.1605953071544,10.10284296751244
56.2420800214499,10.12977552217082
56.20753397234564,10.09385167873162
56.16082888546146,10.20844005945541
56.21555814462771,10.1496992483564
56.25623102022533,10.30449440874431
56.28102284619529,10.21665116241085
56.26888589928904,10.30789131570083
56.06055234787598,10.22383337083754
56.10043201564288,10.08234710795596
56.1071506745923,10.1335096824743
56.0598740496587,10.08831383150075
56.16282398088058,10.20279749812849
56.24961412033755,10.32260671652729
56.17560586823395,10.20980707030266
56.18511950208243,10.20634815405345
56.17337128540036,10.13895125833692
56.08772088837433,10.07849833393042
56.25050770088709,10.26666851615191
56.03935823755702,10.06156942690223
56.13514131785577,10.13934205628278
56.22557742684754,10.16274636522892
56.11985388584476,10.19375717910443
56.16534404156247,10.10796428653141
56.1029652815657,10.16341928676786
56.29514923595718,10.26023587461566
56.21471825911371,10.03601870432675
56.1215133378883,10.05984004020892
56.26286275676808,10.32630694497408
56.25451318383416,10.14505520027749
56.05887502706607,10.1550010525906
56.08080140997654,10.10037717121809
56.22958154561261,10.23720068718262
56.19683452602283,10.2023406155346
56.20917174028614,10.04897011859717
56.23767771000166,10.25157745313968
56.18765206626027,10.03443490143188
56.0830959689461,10.13794117305681
56.06288057172314,10.14681200428533
56.10776534287381,10.17271180270466
56.16102646580718,10.08113904691711
56.14067980184162,10.21488096120807
56.1550414202835,10.17402050255651
56.31711784646173,10.20709454812936
56.17817164661159,10.22084762311387
56.1204638622072,10.17361166127849
56.18400803563859,10.09895972582288
56.25767464247887,10.34446116635356
56.21799701457006,10.26154442972799
56.02962856656294,10.25040731495913
56.12267657407008,10.19452429573214
56.14220586444452,10.10766396736413
56.31039506442411,10.23245586454264
56.07242743822482,10.16474000209033
56.17151450713426,9.988103039137533
56.16461780370255,10.05667401338859
56.16965987296717,10.16071208186483
56.23528514634524,10.30646252251791
56.09017646467962,10.08080471425194
56.06324081741739,10.15280415764473
56.17355557715702,10.17139397999086
56.2342558896063,10.32235546355319
56.18387760795139,10.22441213314026
56.21442601586575,10.17010285494035
56.04042747492238,10.20431648853142
56.12820908610617,10.16466190027343
56.26435611962084,10.30333789441919
56.17542208156604,10.20897946879468
56.15810879090252,10.10983827993795
56.06728458859465,10.1904646194951
56.18702902256774,10.11576512449607
56.02516292314105,10.14974247974403
56.09260998724485,10.16114296023364
56.23262554480507,10.20946582513984
56.19196921972452,10.089660144419
56.07415342248468,10.19239847889435
56.06743669984192,10.20708400226729
56.25429056188651,10.26044741306145
56.21836795632492,10.14636672061155
56.15490717981522,10.1117778587586
56.16778350431986,10.12248388877194
56.16606906137857,10.15763373489119
56.16063987733784,10.22273815977102
56.30411182022645,10.19466206971738
56.24525435003172,10.22978792452698
56.09521934945002,10.10745207691125
56.124051382304,10.16342257519724
56.15640218825943,10.0447277541359
56.18115854477168,10.11477964162248
56.20451091754783,10.26590656558621
56.2449726661655,10.27396567391849
56.03857004710703,10.26986064850213
56.26814055664907,10.30541018932028
56.15717699886078,10.16464543819252
56.29159255502363,10.3145491301147
56.03873313422847,10.0956390239881
56.11413702464417,10.06341380756015
56.15956900421702,10.20775968354069
56.17840177962155,10.1992920383279
56.053499364773,10.19634466637458
56.18863238402481,10.20289353192785
56.23568037994244,10.23198373109605
56.12127161163127,10.0806966324716
56.3166292527029,10.19476132961542
56.24903531777651,10.13734104089356
56.25647013625893,10.17176793886149
56.24816479483538,10.26769894828933
56.19652964984022,10.21603333244427
56.0246217147803,10.15172799191901
56.22207898685181,10.16241006567377
56.00937258103539,10.06017382509072
56.24881330070534,10.2089480569914
56.02792192338746,10.11732042932773
56.28208053763361,10.36760942127056
56.18995499729736,10.16812958708303
56.23165262166644,10.29508376425591
56.17652947140304,10.16792657386229
56.26654543334836,10.32861712284152
56.16918483157316,10.1192240899337
56.22987254274953,10.28115263478552
56.19430476239247,10.20495350692517
56.19652914341126,10.00130487616788
56.14487730176097,9.968965591225627
56.25096531028993,10.1916724071171
56.21288332355097,10.04503926971574
56.20789908327144,10.23004663801314
56.18977168463372,10.09503697475989
56.20996416382031,10.21750954373938
56.0551342787912,10.21203356174005
56.22634137426131,10.18726902270882
56.261952320486,10.13077034274681
56.1790802589447,10.19548393261548
56.17794626017325,10.14962057095907
56.13846046309254,10.18864993303911
56.16407828618377,10.19955923486306
56.24761672241351,10.1387679696867
56.12200112837093,10.05515075395592
56.29762579195207,10.25303259010087
56.30535112271232,10.21292386084091
56.1714925219669,10.17743834478966
56.17510840919677,10.11037417398326
56.08436061012096,10.13911652376724
56.16477269917144,10.09431250713682
56.22257047005995,10.05417131073981
56.18179194549731,10.09983414146016
56.20956290256701,10.13493423971247
56.15566105633122,10.10767135180781
56.17258517870163,10.07894708237992
56.17309569623625,10.18409791947152
56.17894248297301,10.21242595330397
56.21588949784756,10.03221868461293
56.17916401525761,10.17041011135451
56.11846835469387,10.03673945982413
56.23105221209237,10.29757900452412
56.14642229096552,10.00013323616162
56.11817454136492,10.16407132000632
56.20286496286531,10.12404825534414
56.21844609166454,10.14430436601401
56.14462608714791,10.20251763241316
56.14849908343223,10.17087653762556
56.11037223375578,10.13026230361888
56.20297623848371,10.18896526090868
56.14891231917007,10.21855094132664
56.05171995438521,10.15218388835009
56.27828832876646,10.29091489460513
56.15611177554936,10.11319765341069
56.17655552011691,10.17482907732106
56.23977160186764,10.24900446248478
56.28422193871503,10.13806820491042
56.11669588855806,10.20902070421177
56.0409613751826,10.20200097987257
56.03981576351477,10.08719959643637
56.32551091064203,10.21724612023365
56.12168130929314,10.12204578610693
56.18850148235573,10.04187835014437
56.16965342342257,10.06921846027667
56.21377309508606,10.28768309758474
56.19110100970804,10.09180652024333
56.12534047584372,10.16044506509768
56.23907099084334,10.32633032454007
56.23698748120905,10.13018629381653
56.14869073272565,10.16800071133499
56.20156315078186,10.23566985457168
56.17277722794718,10.13904971386808
56.25911694563422,10.25364198278625
56.12015753119336,10.13371946076913
56.16162763587903,10.0828983669505
56.04463161110122,10.22411009785817
56.25594799791467,10.15309320030135
56.16768391772167,10.02772726169379
56.24956578478906,10.15645347596817
56.18011311054516,10.10230288630469
56.03288601924186,10.26848798111038
56.10357005756873,10.21373595593393
56.05590427077519,10.20938762184976
56.15166355314359,10.21457685345333
56.22102611348382,10.1607588696803
56.20480696762727,10.27973436017881
56.25119405876938,10.12701741087822
56.19274495779526,10.18018686692874
56.15820973696896,10.10096829436193
56.16171357719536,10.20335309660066
56.10641490361204,10.07010595584564
56.19759506577742,10.18588723330394
56.23125250442005,10.25118264355385
56.23575402945755,10.23909775989307
56.18173759731817,10.22938170134723
56.13267694270321,10.17469579197111
56.00349029700288,10.03205882261278
56.20398833073597,10.27868959233059
56.16907467341795,10.16886798874168
56.24306368718462,10.19813539638048
56.10137335996186,10.19701892033265
56.23022783911965,10.30458064280707
56.11686871958416,9.998150774172943
56.1338233521039,10.16803183618462
56.15401770493813,10.12717503705185
56.11701769124547,10.13790627675507
56.18029241336885,10.10257897385546
56.11598690187538,10.1571245834281
56.1751357569868,10.17932217984599
56.19487988156445,10.20658515171765
56.27408070749517,10.24257258330231
56.20586170927162,10.17688987960105
56.22556607011639,10.23658405790447
56.0598999168397,10.21587990795639
56.06587146537519,10.21363778486632
56.23167955572766,10.12433751478739
56.25111372523721,10.14980492543287
56.10783999744687,10.05711929156069
56.18342083328695,10.07405107416686
56.20400959788651,10.13320326407151
56.11779723134199,10.09173857369967
56.24131781873743,10.2473180952969
56.17927515270576,10.17387428371161
56.29223106130337,10.13415002729078
56.1474322750675,10.12244018716889
56.22788221430344,10.18018153905437
56.13626171248363,10.15993038807765
56.15384575958124,10.10138335448117
56.13733399157788,10.1169581585588
56.09095287055119,10.13441268412705
56.27270741112342,10.19656480164344
56.05567527863881,10.20395829514967
56.14401432922163,10.09969071604451
56.20910970563331,10.05355088751774
56.24554436816315,10.26125285809579
56.18783539028185,10.17414170978548
56.26286374388882,10.22032183630566
56.2061954931083,10.23859772689602
56.13217835402286,10.11122952140036
56.17289661017277,10.17953214645166
56.12720963619505,10.03446526936818
56.18527844827419,10.0967363926446
56.10219407919443,10.21354626648263
56.10521369685637,10.09652536559751
56.29887352752973,10.16087386506685
56.12805951734455,10.16170260055358
56.1895832501262,10.12626390471283
56.15865684093952,10.06000865318456
56.20355747035347,10.26146758976832
56.18289475704946,10.12108494282067
56.19126594805775,10.21820217758213
56.26043868959341,10.31371622549003
56.23759980895962,10.21531161829964
56.13379470937851,10.14683571785232
56.03666096011239,10.1848250048501
56.00429362376136,10.12432586844116
56.08716008939962,10.21981879587336
56.18899072587607,10.10331293597451
56.15420228684096,10.17129376653232
56.22897088519767,10.24729465230875
56.16718630569395,10.11266255563223
56.19631069968518,10.19907889461948
56.23923252762653,10.19891133546134
56.19006629746796,10.0898729394677
56.01423317602331,10.06807819796142
56.2793921805249,10.31605459277363
56.18163403333745,10.0746789261311
56.15059348657181,10.25067740527231
56.06612539420008,10.16058519213319
56.26112944801662,10.30454905340718
56.15622174751022,10.19011845098583
56.12726579606333,10.11536221799377
56.17323768826688,10.12100232290637
56.22375777196527,10.21818755024761
56.25062536680817,10.13961515649717
56.14734042681845,9.986001151914706
56.14742327003194,10.18661198193564
56.11229282180577,10.16094027955236
56.29792478845427,10.17227133571602
56.16225311106042,10.09329887443051
56.25196233818831,10.21261101532101
56.13258841323246,10.20641668869104
56.09928033602679,10.20907444106833
56.11668373794105,10.14632832463114
56.15735240545421,10.06537387690862
56.22246888566197,10.16166296249694
56.09225088146347,10.08764106291931
56.16607451980836,10.20197644548382
56.1679893830063,9.988399038792956
56.2275488313277,10.25347796432171
56.153565505773,10.14472342298842
56.18928997649407,10.16460049665795
56.0632150068455,10.08960334233262
56.2023056818487,10.08803900276119
56.2260385345215,10.15340261498063
56.25572528381056,10.15473754384042
56.11693224218428,10.06862622546167
56.16261323735303,10.185808183921
56.26497214888897,10.26663918448008
56.12022866079429,10.01749646939178
56.16294369193788,10.12251722376885
56.15318844815351,10.21415715925467
56.15200629840098,10.01205200886148
56.18543701114985,10.21313460941116
56.11486782829619,10.1772088519959
56.18897456919809,10.16816795705127
56.12879509783495,10.17836725086544
56.18730504870722,10.12563194865423
56.03783719731055,10.09696471801247
56.14534057724311,10.14991649974766
56.06648841450021,10.22082390404461
56.13048469711538,10.2031130849424
56.08928486948614,10.24306634048678
56.12662638920015,10.10874372551467
56.12291094873407,10.09763428131897
56.26589421411061,10.22067556757813
56.06264469009731,10.21112711967951
56.09176167851791,10.13690818944823
56.12376069359318,9.989388055052565
56.20542020752068,10.22500522759151
56.30870601949189,10.23336791838212
56.27165705703568,10.31648272169853
56.21287111662031,10.28161670175243
56.12947890915846,10.04532691796254
56.08373391780358,10.23720434556135
56.21357256820826,10.26377988386151
56.12892095942864,10.13477016154678
56.04402612377985,10.20894028705223
56.23988832027182,10.29861191298677
56.22814642134869,10.24001252349249
56.21777475729382,10.06048067902903
56.15013895964977,10.24773689715705
56.15923006770803,10.11987112329839
56.16272452956571,10.13755521607425
56.22543367889006,10.1962559365745
56.05907728148386,10.15268637623374
56.0464624043918,10.19439486149986
56.21604840446763,10.07795192243948
56.20036080224852,10.10327650015186
56.10998827593107,10.11002162347471
56.17292440228652,10.13819652579629
56.21407689095391,10.26639611736834
56.10135594050939,10.21091339881919
56.20939216370059,10.28412322265902
56.15424272505439,10.19056500486412
56.00667498992478,10.05535534530935
56.21315374027818,10.0419998147428
56.09278092061908,10.11057072022312
56.19183229887616,10.10675503526739
56.26785736098552,10.21283366161808
56.04270582252458,10.0884239470224
56.15587334357546,10.09410868857639
56.1749934741646,10.21427143201219
56.09139964296875,10.0783334828631
56.1778310589882,10.0486730793886
56.18553756009783,10.21232760247381
56.30693086947841,10.26282324970704
56.27565463335641,10.21470194889991
56.11630595080474,10.22540297764597
56.15753745252456,10.17643314255473
56.09778523362101,10.05693969098101
56.16632061752532,10.2023741386608
56.16445916395239,10.08347133318704
56.1953148348821,10.11013368356348
56.11841366151618,10.18826394747339
56.10801146160301,10.12570365482805
56.12596018678396,10.04258401718387
56.25736988351166,10.13858789200719
56.21014508469233,10.10284654521341
56.13303679022371,10.20697772133848
56.14176833888019,10.10879633028682
56.02633774813372,10.13188062922649
56.30750803191754,10.20953790802158
56.1441693455774,10.20686093641407
56.21450489273845,10.18187290015963
56.21137411935335,10.27049249579863
56.08943968183552,10.12930585385951
56.16103165323401,10.09441796188442
56.17835907914096,10.15316958805141
56.22443489131936,10.29222954553392
56.2085034618915,10.23835335080234
56.0731408907232,10.15192927328216
56.13234348950116,10.16154640472987
56.13206414128364,10.17157511233002
56.25172365544638,10.27538240799929
56.1984511056311,10.16745827030454
56.24624523821598,10.20230082999813
56.08559151087438,10.15242254813805
56.11492806809501,10.21527545977134
56.2174294597289,10.18917393666877
56.1553707009858,10.12732717943861
56.11057295586924,10.21859265295297
56.28436365037268,10.19258481607881
56.19473223185092,10.18356273997816
56.09282502309775,10.13797344562077
56.10536525370821,10.11458278954508
56.11909664968693,10.19601221257946
56.10566892341457,10.06665136732999
56.11997058602316,10.20338093399569
56.20911787926794,10.246674724614
56.09034484984701,10.11552211196176
56.14472649132856,9.998559531346208
56.25524978861421,10.1373713905823
56.31115494396771,10.20513629112845
56.10900263626748,10.18726688195092
56.25573241792919,10.25821187682586
56.27759225046771,10.25453992940686
56.13648116891119,10.1515387744399
56.18993837071047,10.18267386006204
56.08725545589077,10.12279197257973
56.0816343673814,10.16570120877675
56.1665412211533,10.12078323328013
56.12622457526177,10.05845972265374
56.16059885213646,10.1831412853974
56.17086589904913,10.18109036854639
56.15884077161437,10.04572038100581
56.1790395325997,10.19335293895722
56.03225628460659,10.18728065888426
56.26101844570376,10.25160044691247
56.0839583718728,10.07532405232214
56.15578686680684,10.15336235283601
56.14388365364626,10.10515644774151
56.12259977870291,10.03368878333216
56.1611800597622,10.17291086667529
56.12381590172936,10.06361090248711
56.15445811211741,10.1095812182373
56.06290199583466,10.10653816499364
56.18906756375483,10.04690431533426
56.09205249738391,10.11001368653696
56.23913360243423,10.22248091267173
56.03976092508066,10.2333621677384
56.16768283784122,10.20275527327809
56.09626005422295,10.17797255303034
56.2032209136564,10.09943457787052
56.21362455085353,10.04226740768391
56.20933830297002,10.23175101045829
56.13375265660368,10.1901661770051
56.22622620731936,10.22748205139303
56.17019647441658,10.15216118363841
56.0734142116838,10.170315581342
56.02195352802859,10.10659539330783
56.15586086542443,10.11171965795329
56.19043608196213,10.2213578334891
56.30994519734504,10.2146273918656
56.11803814655482,10.05369853721367
56.11616899135874,10.11016911635148
56.18774893002188,10.12797941102963
56.25140568284334,10.1279173040046
56.22914968788995,10.24173145493616
56.1612312926101,10.07880702579746
56.19504100974367,10.05758653950062
56.23119143607697,10.23531304860895
56.06424180761341,10.14994445905221
56.16883785973671,10.05167984213266
56.14239232752162,10.23088110584317
56.12372454045295,10.20786424982164
56.0420464059036,10.20307001569531
56.18004145158883,10.19652845008854
56.068111970561,10.15482359050606
56.10715580402406,10.06194555462135
56.08506978297771,10.12774762322117
56.32146359438357,10.21279154939352
56.17454242350832,10.18152164454359
56.0375061720982,10.05693692925739
56.24614373753278,10.23711988762241
56.22322742406414,10.21274528791354
56.19178541868477,10.05946256565225
56.16909303126783,10.11924749594444
56.2844803866608,10.3262260782457
56.17273335755943,10.18794364492291
56.26293552597428,10.29541578311617
56.12100447241339,10.12999733648828
56.11801682468988,10.20068890383572
56.11711130521456,10.15798099010557
56.1534165335369,10.03781709144643
56.06971225940691,10.18683808093588
56.21846837004498,10.12881450423025
56.08538008080389,10.08513331557237
56.1527921839966,10.17856888167766
56.10653740923849,10.05591575765001
56.11555993363484,10.02069344405497
56.13006017525096,10.02727914602415
56.10737919803717,10.06265844234411
56.08813862532339,10.14050520439019
56.19498006691991,10.16195507984502
56.14328046037194,10.20093044780845
56.15146005153884,10.15037132629136
56.1238209227657,10.17334592678301
56.16025202260173,10.18020238319199
56.16500445571662,10.07554063069206
56.29984250394576,10.25960943550283
56.10564260641129,10.04705219970216
56.17750547976982,10.21557148792249
56.21675779940458,10.0965103293904
56.11001428340423,10.14677144732853
56.19147141059073,10.00782026529511
56.21905338855737,10.1547061645338
56.11272044196507,10.22667501598973
56.18148687226972,10.17085077149183
56.02966191167876,10.06097817027365
56.28349849550133,10.14531230946751
56.06483093678859,10.20883648417612
56.0964600449259,10.11496876869336
56.25480325220574,10.16333196375599
56.05343283930329,10.20012900547917
56.17280019411253,10.20825585463199
56.1474218506492,10.15807535463779
56.10469859850272,10.20691917770741
56.27118331077703,10.30115834856655
56.08725969216925,10.12586245203961
56.23778647372063,10.24151585931927
56.03127114229049,10.13936217588583
56.31452262652491,10.26599007033404
56.27072133274136,10.16064675286162
56.30214576188969,10.14588623153544
56.11640004481117,10.16460741055965
56.0965183640991,10.12804897525522
56.13802816023785,10.18701248124922
56.15768036908847,10.04544105084037
56.18311808614355,10.1036589362257
56.15336407717879,10.12266709829091
56.15012599508957,10.16786864028377
56.02777056792699,10.18987888232718
56.06716813266981,10.10239902609309
56.09554172612259,10.17756523415563
56.10321408397817,10.21728019092751
56.13159799008609,10.0404363207451
56.28519314644447,10.28749684757069
56.13191601446412,10.12082955621067
56.25027766946639,10.29774998596986
56.06049915082205,10.2231699857389
56.1468460223771,10.05889981305901
56.10105416273766,10.23748454143188
56.14311926298009,10.19950034166801
56.1401156941628,10.14445721008558
56.12140060272066,10.06581224980476
56.09666044374909,10.06198040453711
56.08391604172098,10.10933407204106
56.16626757522888,10.15410090636435
56.21186569972596,10.26725561645601
56.08218241015818,10.16575295384678
56.16978445081392,10.18592940404508
56.10603811260162,10.10203470513941
56.22073905180461,10.13005952446883
56.1129140083651,10.00741089938555
56.21807905729771,10.26776987748571
56.14274143848972,10.14845598292375
56.15926009364586,10.14612671793041
56.19054515129075,10.11485443457122
56.17471013183297,10.19199598374887
56.13504646911886,10.18611571798858
56.22880863232169,10.23089665128471
56.11912571264192,9.999114657114506
56.2375694756183,10.24779435087376
56.17922198899589,10.19457480880627
56.10718141898465,10.22031567754858
56.21300726765385,10.2649429399712
56.11104850474389,10.14773463504615
56.2227782934097,10.16265503865035
56.16566730395114,10.13580036949677
56.09307596410417,10.24717661247166
56.02253543960781,10.18509325955164
56.02589829624547,10.21092604473174
56.15805821191452,10.05835353160721
56.03674354117897,10.09713335509089
56.09149485504818,10.11759179394056
56.10678211588721,10.20332456183539
56.08677321952882,10.13915533469891
56.18981483114615,10.08494366415025
56.20775772601539,10.0451450578731
56.19021421614823,10.22906983890412
56.21669283367661,10.12768902989675
56.1819776663343,10.07092084733643
56.18281102671621,10.06242034537336
56.11839019203367,10.19115473349831
56.11667803639631,10.14713255581087
56.26082107846138,10.25291376272574
56.20542401694432,10.24249306024316
56.14802307211028,10.06121619392473
56.10795422094176,10.04301754136836
56.16232983264555,10.18668564981713
56.05405610993779,10.20164907821085
56.0890046468542,10.10371215562309
56.16370744150269,10.094864830693
56.25391399040007,10.27209473132114
56.14830273223912,10.18479290819177
56.14023436125712,10.22074346100834
56.06998768179336,10.22767177902042
56.02216139513139,10.20046710788663
56.27352502799241,10.26433490954701
56.15018082228788,10.19810266724656
56.24620092068599,10.14207122068895
56.30345733469009,10.19722930834044
56.21569206089638,10.08273243185401
56.23547378153933,10.21408017594575
56.14988872735741,10.19416774183039
56.19916069220023,10.26177148125904
56.03904030623618,10.24377898174749
56.1531169473251,10.10650168345144
56.13587010449103,10.19714133226084
56.2835757095215,10.32267711851158
56.15534861746197,10.20445336021413
56.01762741723345,10.08941993467219
56.15098984442992,10.1325726480822
56.09189752845526,10.13920794190551
56.28814159756662,10.31129860549277
56.14438047193037,10.20755336073299
56.03032304179312,10.23807116882809
56.16594738857513,10.15152271871794
56.08282040161855,10.12796269498625
56.09992285249262,10.06049760175786
56.06757208671963,10.09578859507949
56.16741123511094,10.0518284890453
56.06325860725843,10.15914574789444
56.20704220484251,10.24479363494923
56.22982081483641,10.22706200998588
56.18555861053816,10.13121419696822
56.29877534905508,10.15474264995434
56.25416171728778,10.30241518475441
56.02985575533384,10.06138311608739
56.19890882747758,10.18243080777982
56.19819096935419,9.999394219926002
56.0821940184043,10.17707478613587
56.22108848826319,10.28638327561654
56.18574235225319,10.23108750452447
56.17521270016368,10.2124225207557
56.21308947060454,10.16109581359649
56.19369139176629,10.1963822881138
56.22782127267624,10.30736087344825
56.24568429439832,10.26291927694894
56.09685328509105,10.2057581555888
56.2209177657196,10.29187624324691
56.19124471013588,10.09155742878379
56.18979641788989,10.12483864136293
56.18861067902977,10.09315639365008
56.19696374772633,10.19779492240028
56.26264279072169,10.33166278838127
56.2373554132246,10.23821494626593
56.11495105972797,10.16860363945956
56.18481037047429,10.10013514700182
56.14685894284831,10.15104587116618
56.16484915761996,10.20331594400994
56.2043988281382,10.21613401217801
56.20677950977269,10.27746294667549
56.20348910768607,10.04586478230417
56.18962079754563,10.19101665779004
56.12523016468577,10.06045915243827
56.14129520693536,10.18428009130695
56.27479230718914,10.31846608600102
56.15805296891138,10.19214349626567
56.16792619360851,10.11241571712189
56.23670574252776,10.33192414092042
56.26394318465211,10.25350518830732
56.12191737654469,10.12868671566274
56.21268272792785,10.17654136326371
56.17631882804235,10.19910515810909
56.17545151983179,10.06533404403667
56.12945595716323,10.14234814236946
56.03668093862665,10.1972191332477
56.16525699694581,10.0114955542128
56.18262661900795,10.09265025003598
56.14249268263296,9.988228789073883
56.1017793391574,10.08836870939643
56.01976469907137,10.13834647852122
56.23544613236777,10.24161278860583
56.21339357671744,10.1448971617968
56.09917075342116,10.07012648656955
56.15330875360627,10.09705859395314
56.17479235657581,10.2049855095171
56.22954851724884,10.27669662453722
56.11072905778906,10.20002462207105
56.08593756712254,10.17821004629925
56.19564034033134,10.17883593176428
56.17845539440262,10.16748937128149
56.12289658392323,10.17334403368565
56.1887814461325,10.1885071613882
56.14954030412621,10.08693638187049
56.17750437169573,10.20795737655001
56.25474670561498,10.33442627267764
56.11884299796235,10.18624682745387
56.03716398308104,10.15418566221931
56.28311348463583,10.32871198244633
56.30266849670274,10.26397627455231
56.04376501950539,10.22559549696327
56.23096026780456,10.20785243974051
56.22051414369535,10.28678501904873
56.27743913067292,10.28817922801748
56.04037327266671,10.09061203666461
56.2029406872439,10.25606881659923
56.206686161649,10.04922976561773
56.27099337213943,10.13910137411473
56.04230454303343,10.20156830132825
56.22882829511432,10.25163697104313
56.1485987054851,10.17891015809648
56.14043193422231,10.19250200937891
56.14858449661921,10.02945782579252
56.23849799962411,10.3353688392388
56.08847580940763,10.07784791286522
56.11929655932635,10.13693595756062
56.03391277029933,10.19815826426668
56.02577878505625,10.06400390593409
56.20503917090713,10.12637781062206
56.19268600091899,10.06395568419967
56.22623690038779,10.18663695049904
56.20016049159302,10.22957513287898
56.2556508265775,10.30592832808072
56.24027766434261,10.24241717785045
56.15735291367875,10.10028029124232
56.15565534440443,10.20351755344135
56.18840763879305,10.11910747149588
56.2417070128572,10.22161751184985
56.17955565946745,10.18188540162594
56.23267663542897,10.20604139076506
56.27745927922093,10.2601434272594
56.12444331033007,10.05713641801983
56.21261294607137,10.09975281536284
56.12748760250313,10.11650032770055
56.15449179756194,10.21146887110733
56.15883084320517,10.14101748583424
56.1862794624074,10.00008839998948
56.29244387211043,10.21808879564415
56.16392751011068,10.22744497355599
56.14953655156005,9.99824015110725
56.04298135474023,10.09575977120208
56.10961644472452,10.11958363477458
56.25222769381089,10.20646613015629
56.03832937593646,10.19091841692873
56.2942399891601,10.14634978550535
56.25804891750421,10.30486578349592
56.07955621792841,10.20980770256483
56.02127273778041,10.07542156426527
56.14566875076341,10.16564907238896
56.17875090577944,10.15213188954082
56.19615197247987,10.06345121705497
56.20008984009426,10.19519583026385
56.11439954976927,10.18305537210494
56.05348116742487,10.21659370656355
56.1999446244424,10.22248832949826
56.24358498303851,10.22431242973062
56.09320366081977,10.14512834662814
56.00972427563846,10.07201693402107
56.11816030643481,10.15595637054173
56.12347156143241,10.01988583646804
56.14982859885924,10.11791550006653
56.28187385594784,10.15083366083232
56.1797740373569,10.17957184997173
56.15974348048085,10.20319763973828
56.30002172094006,10.21330462284316
56.08097228178623,10.13920860026441
56.08316167384457,10.18149781721618
56.17640512197535,10.20398753557484
56.23208511717041,10.26602786445593
56.11392833025978,10.17225304122741
56.23125028043453,10.28718869215072
56.00919138816658,10.06798579712429
56.11478099331985,10.13810560636961
56.24168413397058,10.21662095651192
56.25208147604439,10.2100865966305
56.1092843738002,10.11984933665858
56.22332344967035,10.23149278512215
56.06081724758975,10.22770395516306
56.19914417334711,10.22078531780638
56.11911883751677,10.16794385795177
56.28884773586199,10.25393633367943
56.14883172561461,10.21238589776454
56.05719517919488,10.21303996899427
56.11402238548133,10.12250263292356
56.12427654441938,10.09599860929718
56.15516288766538,10.1262807289243
56.28297336989341,10.31734607016241
56.15573253749755,10.20026353246214
56.20913463547675,10.23528910121427
56.17919827773913,10.00220060472667
56.13192737496081,10.17098765866739
56.19157012094313,10.22283584821246
56.18888902821061,10.19080615617347
56.19287831403634,10.06969054768036
56.18912434937842,10.1847818430016
56.21560123360834,10.02593312241901
56.16111125260201,10.12845887518929
56.13785530216401,10.18310975353878
56.23421647423229,10.20487551697358
56.12330929004768,10.04459309780827
56.06960604508743,10.22100647464678
56.17387186669527,10.15854907871183
56.21022611733794,10.18941594758275
56.19046394090779,10.18964880047163
56.16951912814361,10.18315938795907
56.11773176811828,10.20707514390368
56.11560236588602,10.04774610380998
56.14405599358928,10.05214751382318
56.0947644969842,10.08663895994116
56.21737968527025,10.15903132597838
56.01881101895031,10.20991303296358
56.27118880595651,10.1475111346023
56.21622092311635,10.28580835626312
56.17497932261941,10.17128510664416
56.14750332467273,10.21914092938176
56.07711875053003,10.16937545282725
56.29482953042971,10.17615284383405
56.04195034804177,10.08242856319615
56.29424999524395,10.13725971329548
56.1202843543166,10.19824928794277
56.15501554671057,10.19289199452236
56.27671122895902,10.23048726180456
56.00933974809301,10.10065208391454
56.21645913793311,10.03804084665666
56.06492277037321,10.15770330040142
56.15766326446793,10.10939309605023
56.15307166244887,10.1476893388896
56.18287079169832,10.10115771554639
56.10756516858961,10.067909377882
56.12346165813551,10.01955878466766
56.12390839978315,10.19961348857041
56.19652346254813,10.06261499423146
56.15856509470078,10.20921333304359
56.24331662757596,10.26635804961565
56.03826854174135,10.19435348615107
56.25189474148387,10.21861259408814
56.24916702554867,10.27992241696435
56.06955118658295,10.16541520237946
56.10965082248628,10.12989493010974
56.04063702496705,10.23782187104408
56.08278825430308,10.11033298675422
56.15790854726077,10.20913125352942
56.29590586377667,10.24719400012649
56.18468569241168,10.06972525949444
56.23730816531609,10.20412048804294
56.12161150579515,10.19211517312501
56.14724498122933,10.03016831917303
56.03692778246521,10.26935318755745
56.02015509993224,10.11738445669842
56.2451315813853,10.14223659572157
56.13200163000567,10.11479181698773
56.19158093321009,10.05853692847221
56.13399621689537,10.16153650940027
56.19864322207396,10.01472514871687
56.27954589295275,10.22578382193125
56.16568959564546,10.07008014314802
56.19929624224363,10.21514428027583
56.12776869322441,10.17880387725808
56.04242394036261,10.08577121361021
56.12472981703726,10.00798173186372
56.20487170638939,10.23948029032887
56.10518381375514,10.13811784961978
56.19934412505629,10.18113676331127
56.08781302392409,10.10367119140645
56.13190831250997,10.17083995416276
56.13972618511535,10.22585678527676
56.08798614202276,10.09065614127476
56.0300196018888,10.26191376111856
56.21380912099977,10.04487047649901
56.19882711225746,10.2012736711187
56.22621032484901,10.15523720298089
56.17368051662583,10.16580232750045
56.18979499777979,10.23837207700955
56.15471890409197,10.12497472915194
56.0726576891656,10.22329872854311
56.21763498281753,10.19174439168206
56.17271150420547,9.987835881451348
56.12938919861569,10.05508876566926
56.0540803506106,10.15387157547338
56.14373908233107,9.998500134178753
56.11573538149019,10.13480116371079
56.16588249999766,10.08046968108971
56.16809353467407,10.11864804864606
56.24244246471862,10.27259079622506
56.18351835511018,10.19747049221146
56.21369815842577,10.07206435932061
56.31961910595496,10.20383929594313
56.15826064522042,10.13406484299254
56.0449028341184,10.08082809136805
56.17382330925815,10.00263648039495
56.2898069697897,10.25452701066525
56.18097788301321,10.20212745544757
56.1777753842918,10.15095870420201
56.12171146480999,10.14874080663838
56.169709506285,10.11033861269001
56.21067261374554,10.1877923337161
56.17888807469254,10.13658659477696
56.08575801878796,10.17823534260879
56.24111128906101,10.23780806156365
56.04363875931357,10.23943929512137
56.1461580467171,10.0006460657521
56.00725231735907,10.05459269926647
56.28348944889518,10.32221410724306
56.20816344203296,10.08571476477477
56.18995525319998,10.15372473949562
56.27429012355789,10.30809820466605
56.13703082613062,9.99744920767108
56.20710767920843,10.22351733752557
56.16446272871255,10.16371847403845
56.10200633107982,10.15177686980425
56.25017212436953,10.2067282420389
56.17656739267937,10.16520592722492
56.20960543434135,10.26609751308812
56.06041921312758,10.20209816906212
56.03807537385896,10.20140536703279
56.0964828031342,10.12820647487105
56.05674792486418,10.13804225190472
56.21988184384054,10.28502603366817
56.11128112709505,10.20130008450866
56.26264211085143,10.2499380091064
56.29058458643512,10.13673314125304
56.19802289454454,10.1728637734756
56.16125569257392,10.11317326847754
56.27257705226231,10.32097066423889
56.20757839220204,10.06433516187041
56.23026246439888,10.19667754967311
56.07145130180064,10.23784627601524
56.234577482761,10.24326336704102
56.20919298285349,10.18102290001493
56.19186634664327,10.07467477167147
56.16070017851651,10.22177573557857
56.07351205601294,10.15471226560239
56.2083284768006,10.23109469639425
56.0671762671227,10.13656474291624
56.10196369327821,10.16082725021654
56.23802259862958,10.25418356147106
56.20970946962582,10.28208885709046
56.21582051409724,10.28407279068661
56.1162489469713,10.03805907800738
56.17339599074066,10.12406056816406
56.19952882371663,10.19914515316052
56.02399919659013,10.14177325444429
56.23736580872649,10.24997036582502
56.14417530150586,10.10122399021509
56.12464748256988,10.17194516814652
56.20826099883709,10.08585625092053
56.15313094963501,10.18271607833734
56.17436744657496,10.19361979438197
56.16516029386011,10.10795252680004
56.18343895179979,10.10755032698431
56.11632409357073,10.0768457275071
56.22545068262662,10.19642034322801
56.13815883839142,10.19135878513183
56.14157691661005,10.20183440776329
56.24514041770284,10.31257564511067
56.19373359441897,10.07037195515666
56.0363711451573,10.10577528259411
56.15938291810315,10.10442311952568
56.16509641171874,10.11529425911881
56.1778634701204,10.16845276671193
56.17684056104572,10.1188133114903
56.25694366543445,10.34497098408513
56.14603275676004,10.15504275654793
56.24240835651845,10.2450227769734
56.11914422090712,10.15433565532301
56.20095214246228,10.04760232660439
56.15182887869798,10.1000362479239
56.17705998497294,10.13465173872895
56.18717459652959,10.10740681185896
56.21109878214779,10.18609378624691
56.25293932853047,10.27589583989111
56.22696137250781,10.15001996916544
56.20765895142389,10.19398945621867
56.14841803533894,9.991812161359533
56.26309279630746,10.28618024773623
56.19876651373471,10.06327670408661
56.09056340010156,10.14193757637768
56.11676194464413,10.00386721938851
56.17732844231752,10.16828065888094
56.29145946845181,10.14785865364368
56.25404213400031,10.14745974245011
56.123663980732,10.0801994287574
56.25162602593605,10.27753501384388
56.1735686684289,10.2051253894818
56.14964921219185,10.17271149706173
56.19263281665239,10.21436577292601
56.17041986485821,10.11890675545484
56.20058243784693,10.21479714791816
56.20613405001934,10.23152433886875
56.08429822265898,10.13899645178491
56.20052780566062,9.996753464779546
56.0811366268535,10.14737866144093
56.20488836613646,10.17945480166837
56.17756726785555,10.14656258460231
56.12801409234047,9.987044659006571
56.0265286042527,10.1316600036399
56.23545098432469,10.22281610421765
56.02602009968398,10.14520180748436
56.12259844961985,10.21472471215013
56.11353943807175,10.17572824073668
56.20890167786465,10.27934204338609
56.02879316715452,10.05926995084149
56.19620778324819,10.18043018801394
56.18602125372701,10.17038899526269
56.2199750198797,10.04809511325327
56.21477868510438,10.07444783758407
56.19000799750629,10.14065355364531
56.11719067567831,10.13664242247349
56.20934094737152,10.22032474326674
56.14134549185879,9.999057345434048
56.20409678163524,10.26638880146853
56.06922100841083,10.23914256967749
56.16566885026675,10.22600193076788
56.15666020711922,10.17539956210478
56.15144919340127,10.16944638125211
56.15610661780848,10.06791828997285
56.14890471449489,10.11579075441913
56.18853965754101,10.17417612427009
56.15453352386499,10.15520876299334
56.20876629539629,10.27653047625569
56.11880168383786,10.19961406831007
56.20582784846493,10.21643067264577
56.17769059763953,10.06607319332539
56.12167619552806,10.0514529501018
56.2386692730565,10.23521079514672
56.16304503069026,10.21378337639407
56.17064928142529,10.17932600070149
56.19504598771195,10.19094092827717
56.03399365953971,10.17222706795716
56.21488083127071,10.025424476864
56.17511404834071,10.0445438112189
56.17003853908291,10.15257032503382
56.20615883227387,10.2119199234758
56.15400792459086,10.18946733489806
56.21807160081209,10.26106792313487
56.25870933822237,10.26574553653491
56.22455993478367,10.1630239725176
56.16548604678161,10.16928261597351
56.11441406199928,9.992087463363642
56.20551560152499,10.2500164132928
56.03967277606369,10.21794446481121
56.10896115893874,10.18224804157119
56.18581495838204,10.21034626342975
56.12156359016817,10.22253298612226
56.04118947821057,10.07043869478353
56.21250777871307,10.09320470958261
56.0775625326067,10.11468325086588
56.17728403261328,10.19162291783788
56.22660219171836,10.13566434573032
56.11187954994755,10.21269198461543
56.04211738976346,10.26357922067868
56.25183415815885,10.14303923428801
56.14465660002281,10.16638055503575
56.16503493219933,10.22508440415433
56.1061584511862,10.17757855471671
56.2878158303761,10.25328579624133
56.0560008490469,10.16109095246783
56.2515848687494,10.14515266962489
56.09289446590805,10.1440907794529
56.00658431737101,10.05534421862693
56.23344834508595,10.30167861848187
56.15899620555209,10.20113086454263
56.14152318525309,10.18561906861574
56.03243156094422,10.06673062602066
56.32312292487993,10.20288628378847
56.17021299942829,10.19382481122574
56.04973473298313,10.24263373485302
56.15826435179918,10.21267313705443
56.16468676735087,10.07761940572355
56.12973941617334,10.16613471540034
56.21801043058007,10.26462717657595
56.15029636902968,10.06543016282471
56.05399491748419,10.15381628845286
56.20442173125518,10.06859050734513
56.15209910648786,10.17928285364047
56.17696494403147,10.10065269670074
56.15310766175058,10.20422049496697
56.2378405350443,10.27732701421095
56.15992374315478,10.21147933116387
56.16499848346325,10.13247536621234
56.07820423039611,10.16558186294905
56.05268310642847,10.24172813484344
56.15515727747609,10.20876115106689
56.0042425702409,10.05472691759505
56.29477869537761,10.21561683807495
56.11588186817109,10.00859547852972
56.11702092801109,10.0685791674048
56.12892893359615,10.12255691606778
56.17528351079088,10.11031147564611
56.19922179611408,10.24915160400118
56.09817893248489,10.13022620734175
56.125223457045,10.18019261440224
56.04428660428442,10.23930736841982
56.0339973175577,10.07247173110413
56.01507002082373,10.09321887308523
56.16382409266563,10.13382202012075
56.11217758718819,10.1227305552009
56.16215508780139,10.18707601333017
56.14680336326511,10.03040329038443
56.16412919059523,10.19417473470433
56.08473875748061,10.13017526749293
56.02721693212096,10.18797016168463
56.06714903780182,10.2030518368373
56.13427832174553,10.01595378063733
56.17928440337718,10.12475329370081
56.17556468738602,10.09056787898087
56.25039941930187,10.22789856404419
56.14460347940913,10.02447247572893
56.26423515701247,10.15309697182235
56.16502399365296,10.20127857774302
56.25557576045934,10.272733373931
56.19265232303876,10.22310433111689
56.13695575975918,10.1726862956204
56.17021849332226,10.15080992398022
56.17083207855668,10.19564305900967
56.08644799911884,10.16671084076442
56.20586067912711,10.25894107939949
56.10984434341859,10.12058822787017
56.15894981849155,10.11023533377044
56.07833914635629,10.12340296624594
56.23330575337535,10.2384642175209
56.0228986186853,10.19262431462028
56.24454529971841,10.26956208650706
56.18077043597385,10.18769024001903
56.23605927388331,10.21537130242833
56.10602301488047,10.10904811952755
56.08618545598463,10.11970815461584
56.19109177647221,10.08186087545618
56.1437334101622,10.17346924956819
56.06958665173779,10.09875881792218
56.11220816524866,10.08645030661768
56.29633071201141,10.1405074084044
56.12867727306257,10.07983094235778
56.17967689846337,10.05092825167824
56.10528910712016,10.07624766794552
56.07838577564138,10.1413076226032
56.20501399731218,10.23831460334118
56.18363274744199,10.10644517586928
56.10402796530545,10.18473777262272
56.16316495305462,10.18904408438477
56.1927907597517,10.07164920084747
56.12861125256182,10.12901011734381
56.17236218885274,10.1589207217704
56.17975602278461,10.1243580147605
56.0626464874362,10.12876116313477
56.26300750942747,10.30554886667134
56.03738771293413,10.09687450477777
56.12197441943834,10.19508447948135
56.10969301428631,10.09974501879188
56.18882005900942,10.19980983412141
56.10391010850458,10.09969629331484
56.21310046475207,10.16240618430251
56.18603245359014,10.20973854694637
56.08248643605815,10.11929312962454
56.03135341519022,10.18562554979177
56.12217207140402,10.20206934526589
56.06464915218645,10.15917460729053
56.18524495908717,10.19537236685702
56.12310457229948,10.14720352366538
56.04159716990286,10.08680435108836
56.08778928066757,10.2250408765752
56.19196576477076,10.22456990806352
56.16898983239458,10.10232688180298
56.1454432317632,10.05610333664398
56.03449826800671,10.19236920752671
56.07067198543767,10.16337372588414
56.0409548833794,10.09284745287059
56.09618194192913,10.12110120956504
56.13350577755193,9.99763783562817
56.29446911917021,10.31589913360295
56.11019223369493,10.17620159432795
56.25925005617325,10.33983099514034
56.04182579735679,10.19185660051372
56.12400333598308,10.12804115328638
56.18654456823224,10.10375620097005
56.02584489156861,10.21636226354928
56.15906676030383,10.19837047711037
56.11556671379203,10.16215859786272
56.02544140478241,10.06911910720298
56.14844155325952,9.99197436979068
56.11723883527424,10.1739342189454
56.18394732741593,10.12584268069255
56.20797787358318,10.28290087848168
56.20488362517771,10.24517470134611
56.28336929737291,10.32159322595676
56.20798353275592,10.21294530913275
56.14144075725253,10.15074140332025
56.13022306304799,10.00277355184137
56.06448090203123,10.23382905270653
56.21653941478535,10.02442556039092
56.06587848165728,10.10588278642073
56.20448622884605,10.18381328987283
56.24799855011721,10.13594769081557
56.12166832241769,10.0660656082933
56.11240249873982,10.10373713879074
56.23757103393225,10.12362640994257
56.21232616092957,10.17557354345451
56.03071789066297,10.0630273421302
56.1387343576574,10.16503035804002
56.15266148547434,10.05841333504482
56.12188850969991,10.17618614263795
56.0598510582108,10.21439235903735
56.274520782573,10.21431371460207
56.19062840536865,10.15909486289888
56.27625581535423,10.28389412527312
56.16007214117516,10.06573839168846
56.27679729472417,10.32278339552473
56.08663351781295,10.13512058438515
56.0438006199387,10.08045958444278
56.22512251489078,10.13613692184374
56.18829479938497,10.22707529355541
56.15410536056779,10.15391265896002
56.27625816051811,10.24954490810912
56.24970076768408,10.15156015844798
56.19174351868612,10.23882380338242
56.26163998156749,10.16638269626593
56.23843721261205,10.24159838747444
56.19401669995119,10.23495534383178
56.07256742950761,10.22326620966277
56.12872949043267,10.11237423964408
56.19070910509359,10.1760897408165
56.10544658538039,10.08729342676951
56.11462444752938,10.18044715752365
56.16607384826784,10.17228209729381
56.24888200608316,10.24080832372739
56.24163165912484,10.25351386942845
56.29597823604458,10.31677216862637
56.10203522234316,10.0881818155963
56.20600242687497,10.13857972299414
56.07515136481508,10.12371124260171
56.23282372851603,10.29060683708517
56.10265232006962,10.14594641243596
56.22939343169654,10.29402202087336
56.12569564902617,10.1311531321334
56.26487927889918,10.30562119484073
56.20793809470733,10.20997376732278
56.28045936687939,10.31786455876448
56.18368161650042,10.21633439211591
56.11661159282129,10.09067131573774
56.19124883552703,10.05734276798577
56.10591981473591,10.06642326135226
56.25680345320787,10.20520305907591
56.12234204477642,10.2003755199696
56.23880372311309,10.33192493388694
56.2149018134611,10.28331611081066
56.25669198357332,10.16109968779582
56.04456724442964,10.14782347006762
56.2068019850025,10.28304668292701
56.14216484437353,10.17337817139945
56.11734947654944,10.19117739588854
56.16096140869318,10.20314642139496
56.13906901228921,10.21923937376277
56.27121996460095,10.1471852428828
56.03499258266856,10.19955814299753
56.31844373149458,10.19887761224555
56.09974409681262,10.20295275638752
56.05974284821128,10.12693291317241
56.14886111368905,10.02569650066207
56.04689968854715,10.2198593737607
56.19586899309591,10.21883951291723
56.04495695930309,10.09299680998468
56.22937972945864,10.26936803526219
56.1391812323283,10.16946688473824
56.15059139282448,10.00513164196889
56.22366129975732,10.17226519545002
56.17592141419362,10.16761050895295
56.17766250062739,10.19848779322431
56.24369998148376,10.16374178788993
56.02967218389173,10.25549336160639
56.1086571121861,10.14839925194553
56.03025638648203,10.1423361495452
56.15648780534582,10.12841569439101
56.12779287129472,10.01696918365271
56.25758619371332,10.33438089058281
56.25176946866556,10.18302497030054
56.20140292116677,10.25650616848696
56.25955337284377,10.32193022420937
56.11765158294139,10.18476647517273
56.1840496285221,10.15475856556196
56.29546654527584,10.2473512677714
56.17921962185935,10.19670605673756
56.1656149824739,10.15848120024925
56.22897283623539,10.19628403524091
56.08980745150895,10.12937968840031
56.12966013738513,10.08809061656265
56.08255214699754,10.17986107866522
56.09328398568704,10.24132825644501
56.1782418693033,10.14658063763247
56.30183006491082,10.21191163478791
56.17866384272203,10.22464955032649
56.15184066785314,10.13192337725652
56.26332281140533,10.29939256935564
56.13967304757609,10.21426131653444
56.13504508158286,9.997081628605251
56.26661250496939,10.3093377169646
56.15650991967419,10.21198908892073
56.20426273105235,10.24770469342677
56.26040345338608,10.31079674629757
56.06713213965284,10.15923580445232
56.02974224133226,10.23493751223817
56.28096944833069,10.32105402514899
56.16445246517347,10.22777476870525
56.17412185657501,10.18639252504612
56.1828512129626,10.16428084951551
56.04493086761489,10.19050774122251
56.19262518713202,10.1971971498043
56.22699766343442,10.22732664058582
56.28426172375725,10.21938135109309
56.01931105653364,10.21439929864639
56.13011656971327,10.0275897991401
56.20381549703141,10.18110366208045
56.09883770826893,10.0698422837606
56.23306233946309,10.23088355878525
56.19706175860755,10.18784211093671
56.08724353060779,10.16219226809062
56.11060429799296,10.15360146847603
56.16608835241824,10.15030692876091
56.20251609575714,10.12328065567918
56.19190443751847,10.07988627632989
56.17818742175853,10.12347622667398
56.03088571228043,10.23304912679441
56.11346512757397,10.14949724560862
56.23306548174772,10.13988917470528
56.06463626509815,10.10838587748102
56.20398860755961,10.15915201181796
56.13207069426225,10.19937901082857
56.12037309952246,10.14400057866946
56.22249173732492,10.05408536714461
56.27717490584912,10.28730678070072
56.22255087753952,10.21689305453408
56.06293600293442,10.15008447207557
56.22907734203338,10.25372089471295
56.19183039084501,10.24109480305916
56.03423002816672,10.18945392327703
56.14026647560498,10.175629956777
56.09077731186551,10.11718975542079
56.18496455449026,10.21551033048864
56.06271590957362,10.20203688354486
56.27544387287874,10.1333710200645
56.12081723934975,10.03630116850079
56.1713381118004,10.16463852277415
56.24067606950715,10.32715775245667
56.10126993369622,10.2237690653339
56.1646080054208,10.07811895764433
56.07655671744524,10.1277951300838
56.14766721196756,10.08881842465394
56.21021906643307,10.22982944994672
56.18808634230943,10.03824756551638
56.12319343571252,10.12332331420435
56.0987050318363,10.19984948996676
56.14917050996826,9.985442640281532
56.06962461248777,10.1707947293353
56.00570309754909,10.03434345700364
56.253212153232,10.3003842541811
56.2706213129432,10.27356730937047
56.06122684987929,10.19879255548747
56.17727846371389,10.14868202182148
56.10557397982127,10.16648658795197
56.17681330898064,9.981908881205674
56.08870432454967,10.24559369082484
56.27474634062225,10.23754965551607
56.06122459587744,10.12792060796981
56.1321816162614,10.11723095191987
56.14498652448879,9.986078906844826
56.16060005204661,10.10764054993014
56.23172337576525,10.32847126965339
56.3165137246441,10.19737076883923
56.047067180049,10.09926832238301
56.19616214576001,10.06969719544282
56.02353219784076,10.18459746923057
56.02141172647119,10.08436038502278
56.08448013366944,10.11916679883461
56.19174097099521,10.1003963018307
56.15266714460703,10.00638385238633
56.28765106762072,10.31333492561759
56.18267664122467,10.06391328012439
56.12994785137563,10.12543029887268
56.16561265365392,10.17925733381281
56.23078058048258,10.32524643179011
56.26167248142011,10.30100107956683
56.20013562639735,10.17732100379139
56.13215604339248,10.15219992048762
56.22627765520132,10.2369698025509
56.25536448104211,10.34403179912392
56.08576210766972,10.24609957590997
56.20655757875809,10.2777561421137
56.27214520662255,10.21273334994927
56.05240604753699,10.12283239925346
56.18323325156675,10.16902525233226
56.11675476254747,10.12106428220974
56.25260867736954,10.29962810885245
56.18217266830521,10.20548415825341
56.17891389168437,10.12886620504541
56.31096565949782,10.20587847142833
56.13870183997149,10.18758010507734
56.18619885372352,10.19984122185186
56.12294923359924,10.14658683283204
56.11462180222914,10.13938034518918
56.12534232312277,10.18211087010173
56.19504488895502,10.2461128195469
56.11218024131368,10.15701766965475
56.1137035006474,10.12959287683854
56.07624736273633,10.14640145382766
56.31269777250428,10.2667460499495
56.16029579251425,10.18034804174448
56.24607946051074,10.15713014145208
56.12462450602014,10.17066420260825
56.04058272512341,10.06966279815621
56.21665224078697,10.2848465140174
56.15304905462291,10.11805697808727
56.13075363533172,10.14697938011881
56.24986099894384,10.17310802698974
56.15517365554346,10.19890794937959
56.13730340188059,10.17938508483796
56.20834085583861,10.03779316999333
56.15211900604955,10.11303401459806
56.13028933789658,10.01220308580331
56.0948933168183,10.13600521484613
56.15024491410975,10.17016041944087
56.13298839148627,10.16336295927145
56.00340336842504,10.03194553856339
56.14171606014257,10.01356560223662
56.16587471370725,10.15106037849306
56.1923105555579,10.07407673387748
56.15959512819127,10.1549522271482
56.104005874952,10.06499992395848
56.13686855293068,10.19849257599692
56.23249244192093,10.12459773281045
56.21551005303513,10.02422040642596
56.14201452435823,10.10774587496391
56.18206470313071,10.22909626244663
56.1495372587904,10.12392718804168
56.22694391184442,10.26753483642945
56.19373555875816,10.22062298578861
56.20692234187233,10.22318536019685
56.15881675361969,10.18350078037609
56.072341975523,10.1533800651315
56.17456483640544,10.2025458465115
56.11658083982054,10.01995494578333
56.29940224112244,10.21416290248968
56.12426814983368,10.05633988720546
56.0544523014974,10.20666445908752
56.23089041107788,10.29338792815756
56.21874772306616,10.18700226255499
56.144231743924,10.20917841053946
56.11722726316697,10.20715676732522
56.23969741625147,10.22916440753702
56.21159317300832,10.15537143397364
56.12873783747467,10.10189749647897
56.16137193721567,10.17149606089984
56.15760322042289,10.19329716267634
56.10704573128629,10.2225876944077
56.15372418558542,10.06981874390127
56.17778319249003,10.19592609870402
56.20197988359813,10.26466167621619
56.12585425027139,10.17567314735466
56.05958930803511,10.19538329447894
56.22794198668849,10.16209278708955
56.09119504792272,10.17106807585138
56.28427120236514,10.33092141000042
56.22166256687428,10.29098258673608
56.04089760552463,10.25825411096428
56.09386604333294,10.13898222191387
56.18300978889275,10.10355647439876
56.17821063512353,10.20764471270051
56.05660558311384,10.21325262036124
56.11761705550855,10.18376912245368
56.14528429398958,10.20203995850586
56.18781231747447,10.22015346248546
56.17784583087786,10.15083470339077
56.0344559238794,10.09806998769997
56.13696641942033,10.15571284756138
56.16131942367202,10.18068583719677
56.13221385295943,9.99430576735858
56.17897760292593,10.1571298164345
56.17539710077579,10.19651359097787
56.1532177716479,10.13738466406252
56.18596227490337,10.10084192651434
56.12385158804619,10.10580569855039
56.18982255494321,10.21598494009307
56.28540207230061,10.33094287735702
56.03036750008537,10.19005714327792
56.18685381977724,10.12545138409978
56.1827029303527,10.08911369706563
56.10519260644351,10.06957824889019
56.19269985227567,10.10064515907098
56.18712001992476,10.23267185226154
56.1876271414023,10.15315275192829
56.12717314509584,10.14395798219638
56.19053258938229,10.22988132722801
56.25995314877476,10.33583643682402
56.11079432300837,10.11715582454133
56.18814842651594,10.18415083421196
56.1789903423674,10.16305296902164
56.15990861591514,10.20095217532659
56.17457734944195,10.20626497051693
56.15511809440606,10.19409014320117
56.2370174059074,10.21570736111572
56.19973009459037,10.19220374573865
56.1450035310329,10.20982039980145
56.19418567681068,10.004000049666
56.1361595556062,10.12820345963605
56.03333268815361,10.06872475408358
56.0357876659428,10.09657086070275
56.1899443831292,10.10493420843098
56.21121171084687,10.24003206879263
56.17390276193758,10.21391342915339
56.0197780071126,10.12160870046225
56.10474754569434,10.10182657505746
56.11510840812431,10.18275463219399
56.06612623934083,10.15559391270927
56.22280806780121,10.15950832994231
56.11151370257031,10.15319932237838
56.22982218490186,10.25862347422969
56.20879756804062,10.19692935590332
56.02285749707963,10.20800331369624
56.25710015939126,10.2550837848366
56.23468718372239,10.31006585025764
56.17308334897909,10.14981700850566
56.03670024028812,10.23684213752008
56.11926595011307,10.1650018150623
56.17302295752638,10.1040897642457
56.10603741616536,10.19857070181252
56.19498763644436,10.23656218361702
56.11941108200453,9.986021734571944
56.13640225280382,9.994008654106983
56.19577102433802,10.24188941716067
56.12215904561728,10.19471582108346
56.15225195846035,10.15426185907414
56.03879065486166,10.08391571721016
56.25826671756359,10.30449651392136
56.24021071538329,10.2045789312171
56.14852199804504,10.15680295257123
56.03552052240485,10.09313994337066
56.02304962700805,10.06065840879017
56.25299542951553,10.14201773993264
56.0479465361402,10.07888157342758
56.12712473026976,10.15917960678768
56.303245324617,10.2606823305455
56.28414154328637,10.13805646619787
56.0425021465895,10.09308139776503
56.14021396852971,10.01846774316196
56.03104619291248,10.16095897050162
56.15089266263095,10.07843119742928
56.16496521971595,10.07586096227206
56.13412568560852,10.01553713104572
56.21717543453135,10.1338911900917
56.07413063647102,10.16797117725034
56.05821158360229,10.2421776696542
56.1368386842926,10.19558474334842
56.16948961445739,10.21431733852818
56.24056055679435,10.28502601169115
56.19938023450461,10.10526540882388
56.10286610610987,10.11615701477045
56.16631547178678,10.13655540513349
56.11711836474278,10.16061080844038
56.19596279659049,10.22932224076147
56.08765870085163,10.22565983510615
56.16326307804636,10.19687038271876
56.15741884157119,10.13495504172787
56.02332738977802,10.18303502527325
56.23043031639138,10.20555888179078
56.16140862084976,10.21622088559885
56.23003077295943,10.28260586033126
56.1423291890335,9.960457266492845
56.29903748900387,10.14511974736104
56.09350978646994,10.24651921302639
56.13054878009299,10.18794651282277
56.12125991820776,10.19767645565857
56.14789893786276,10.0609767183964
56.1100890328994,10.18259133017714
56.06336313698623,10.22153020087403
56.31331930841101,10.26630248631598
56.13621192938793,10.18084193756738
56.1120734652385,10.19919791212195
56.23224055780148,10.28646099576176
56.13749417705339,10.19466080890017
56.13831004732087,10.04977763442069
56.24414647893698,10.34244340931329
56.08909425475154,10.13203718303502
56.12758186282002,10.20510188259481
56.15784312273378,10.05308903964379
56.13078894267831,10.16645692879835
56.11815009907993,10.09829861701534
56.26868690694486,10.31297506162062
56.10288210575698,10.05978213135131
56.08604182931314,10.15044862064039
56.22029562000167,10.15516399158723
56.11425746220025,10.14655672557827
56.20520618555841,9.991861542641274
56.18954911861975,10.12539780528067
56.20371196210949,10.26551875471333
56.12429915932606,10.01444114975872
56.14090820175156,10.20192379289284
56.23478202549485,10.2069168031086
56.15471343995393,10.1387016557152
56.126957540973,10.14758814988489
56.02143146365383,10.13827443477438
56.06908908116615,10.16448068487679
56.04983436621519,10.18361435358655
56.17762610548287,10.04833910480103
56.17378802771103,10.15861539391518
56.03824472298267,10.07486227459877
56.25615604933024,10.30364428851143
56.19804690176803,10.20096129112216
56.09958901640518,10.06267918191165
56.22579605989073,10.1973550586502
56.16747048912598,10.15785659070603
56.17263382971834,10.13984676199065
56.12681556128719,10.21187477981587
56.17809721499134,10.08676706723735
56.21910313534465,10.02614478564207
56.04289596402201,10.19079706638135
56.19113229668781,10.11525183022219
56.09485194863196,10.13857068205706
56.01088533477549,10.08087571881404
56.20177620704023,10.17579976288965
56.06014590388134,10.20720559392934
56.2819734575776,10.31911531968181
56.2039358263693,10.18037516883293
56.14423634554754,9.98834359103352
56.15139612935342,9.994551568652625
56.26302115481227,10.31504416990604
56.1021120780845,10.14785293842735
56.01112226252774,10.12298903957421
56.2764576757358,10.21498859434583
56.07859416270269,10.2092580581277
56.2280913048057,10.29954270633864
56.16058680985909,10.12461822934289
56.17458002187503,10.1943694599192
56.12977945726036,9.990119508699197
56.04228990208127,10.12354589188783
56.15233832044483,10.11302016824041
56.26062185990401,10.16814672784414
56.21715955678224,10.08524566522445
56.08620094103013,10.14488603421184
56.20007827091595,10.26156172819794
56.28034130767479,10.26602735723772
56.17714850560698,10.16524063994177
56.23075927117951,10.32192741930633
56.18749085097033,10.17379742777706
56.16543030023687,10.21184950256067
56.04272460262533,10.08763404305675
56.15879609661093,10.15554821208365
56.04188587328881,10.19817373325421
56.1658081302941,10.09443197401594
56.24282514368844,10.24847974319843
56.16028319439432,10.07367928533202
56.20658186587992,10.16854983150312
56.19888099495181,10.25372755281776
56.23782816177767,10.22072129008587
56.11586735104522,10.12140576408309
56.18405896656395,10.16682426019236
56.02543191959047,10.18190657667204
56.24161230142389,10.33328117524917
56.24432853207642,10.1727745867448
56.07229302068226,10.17713187302216
56.11333938903338,10.12871721498119
56.14744326779372,9.9854410001028
56.20689198493128,10.24690090534962
56.12720371558804,10.19802745312474
56.06232217413426,10.1668375478672
56.26683934010826,10.24815799048335
56.23257896993813,10.25227474165082
56.10219723387268,10.15180262284706
56.17917749335386,10.20054737426542
56.20902101606853,10.18876324362335
56.26943904366347,10.21069103884257
56.2118720828991,10.15564154184762
56.155063753029,10.04308738088863
56.16685800773941,10.22046115818633
56.17069554623721,10.21465791746759
56.25028475734371,10.1498570221932
56.15528479263593,10.13625907889513
56.29861433698385,10.14896442530995
56.13673915001635,10.19221515327816
56.1757447778347,10.14012643903953
56.19021153080814,10.16368083015869
56.14988272887754,9.994826206153132
56.1212863949399,10.12985714579341
56.10590068790324,10.11132117406889
56.17648830368007,10.11725666878415
56.07319179394415,10.18782181027652
56.11301789364558,10.19628025067377
56.16436264396102,10.11016954993456
56.14893831222113,10.06302972114027
56.1787352000398,10.08645915957558
56.31978367922018,10.20443581773713
56.1060851673826,10.14784744984508
56.20322388664118,10.25882357669021
56.28228887874383,10.22038531569328
56.05141052360946,10.12966827518703
56.05341438901377,10.19780200334656
56.19269301442949,10.14870396336379
56.09052520116795,10.13800203894432
56.16285418953506,10.12854339796238
56.23810979090791,10.19105419190445
56.26310309910457,10.16380059999413
56.24894767948518,10.1540499055265
56.10657144636357,10.1683059801727
56.2095082120814,10.24518350850201
56.22731642781162,10.14625946954196
56.18927882732218,10.06402940030816
56.2228179789119,10.22308630064145
56.10336227107423,10.20711351051725
56.22945592607709,10.265389022806
56.13599671972169,10.1580208319134
56.00272878965234,10.03095891984973
56.08476481322144,10.12924381971562
56.13691094327103,10.16728716423542
56.17660038776924,10.15993455789696
56.2116556381457,10.26844338289375
56.15323331884051,9.99968200269123
56.09844317537927,10.16136531479643
56.266937252605,10.28234002867859
56.16400919560265,10.21054389631655
56.01880731987254,10.21007885405959
56.2370173136494,10.12968819219475
56.07518526078159,10.22885745661145
56.11178548613766,10.15252978748665
56.27064762924295,10.16197558491024
56.10966007307692,10.05468562890182
56.10824587832452,10.16370808731513
56.15343902166059,10.2043048682433
56.2350573962937,10.21584326006478
56.28664414776799,10.20141920053651
56.03471660692615,10.12906390456518
56.19903760678415,10.17874251346051
56.21818095636269,10.1855610943506
56.23000549417308,10.25899697510369
56.21270493904641,10.06928413452862
56.09205726463195,10.14447223321664
56.26572903670775,10.15108144221549
56.17244333015937,10.20606559326792
56.21144346922583,10.04379663215574
56.02772682438066,10.12774114627555
56.10259323287655,10.20544402617428
56.19492682148481,10.18042889680343
56.30359689113745,10.21106063524322
56.15782809308836,10.13314803626287
56.25226272025257,10.28835490257057
56.09220879953531,10.13821070023187
56.148172919251,10.20067978900649
56.14711611441125,10.14371574483022
56.15679493839413,10.16676521920223
56.17557781374871,10.12325828895448
56.12907319506787,10.03438919771387
56.15707518007033,10.12276917417891
56.08384018763315,10.12772280575947
56.05540882718337,10.15470782849734
56.16763029739845,10.2074130626236
56.14319157746407,10.14582702212964
56.15034760153196,10.12166532630705
56.15302527475396,10.19306711814489
56.03773206085912,10.18851417705105
56.1114109915556,10.07312194387637
56.18344781110146,10.2250502863473
56.21230790904668,10.04703787462472
56.15020427798656,10.10679264018037
56.06581491884243,10.1298096235541
56.10767518176246,10.01557346822601
56.06737450116427,10.09790390737726
56.18075490893299,10.21046653658342
56.12420222819003,10.158685596105
56.20441903827502,10.1328274580037
56.03017592717147,10.12101714936367
56.16850179304817,10.2018375183861
56.13481221541014,10.17453503519413
56.10552028257175,10.13710208498023
56.1813957033472,10.07842482236812
56.25677739299709,10.29592774541173
56.21377008663579,10.00762477932148
56.1951679485891,10.2239360518481
56.09934425643864,10.16225797698913
56.21001269702482,10.26714334699251
56.11914501480966,10.1701689388008
56.07661420655474,10.16892669328461
56.14962688418866,10.12817164184246
56.17602947846856,10.15539060850788
56.11735206670814,10.09050579201791
56.29736451172553,10.12993729371601
56.03907546740187,10.24797081252263
56.10560218618488,10.04681828884942
56.11344150010123,10.22296069558146
56.13911419520269,10.08168353662459
56.16626471109137,9.989213925530008
56.13809220964288,10.07940963243571
56.19480669980131,10.11057388598746
56.15180563138301,10.1633773401932
56.06035765047073,10.15509025618508
56.13483468744406,10.01749055196765
56.20189688237568,10.05568194589359
56.18923331496142,10.05079896606752
56.07116512583676,10.20608629120648
56.17802553093129,10.16198420241759
56.19082121961368,10.17971462711761
56.11229558364809,10.22201369124892
56.02565880853815,10.14440105880001
56.09244701480385,10.16173034305973
56.24644634391407,10.26407862199153
56.26450231894505,10.15304570538524
56.10521457456831,10.15437725180229
56.12773178257157,10.18537328186321
56.24811071634115,10.27736021055737
56.11278319770076,10.18000302315984
56.17187491631713,10.13721787487024
56.14311474419165,10.17213004153428
56.19981090178737,10.06064515184307
56.11592409452953,10.06325880143981
56.04182223354048,10.11767982085044
56.18283600847165,10.09211128036723
56.03706316397667,10.09364344445204
56.10811285634546,10.06601023096623
56.15074503415008,10.07902408317171
56.14022433688449,10.01813562323993
56.19796953190507,10.23665516258006
56.12692177014225,10.21343952235762
56.23261874128975,10.29792472449195
56.27045935276693,10.30958201913199
56.11119863961418,10.14439846248398
56.19897976129068,10.20586678499851
56.19925278040682,10.10551957287723
56.20928900761178,10.18866323771369
56.23490361893456,10.14999460734316
56.0407885145429,10.08298243038831
56.17471263476123,10.22158346450105
56.14326124224451,10.18950627823117
56.18288508456141,10.16991243952152
56.05359361280392,10.08594998041999
56.13692630437697,10.11511811660297
56.16123030482679,10.21351694258385
56.30116386279254,10.14549044552956
56.27893628466042,10.23571895156863
56.1487477642962,10.24862988535147
56.22608119124819,10.17954898033056
56.13644230716432,10.15888049584294
56.16132615032403,10.08201189145698
56.2084340361536,10.01945917367147
56.12226139375474,10.09137422824055
56.18040402648022,10.09879934220813
56.11722503219126,10.20792901945521
56.17571814664163,10.21427735021557
56.25176408372728,10.23668597024837
56.23908279687672,10.22661850989915
56.19029805456034,10.1074670275051
56.12186500185094,9.988641208141953
56.05856959667608,10.12243193092439
56.14270932856335,9.952140168418639
56.06314981105173,10.1957596815512
56.15465797777658,10.17940954889364
56.13336703441552,10.18802912192415
56.10905905376148,10.03547043787489
56.06741500287578,10.10095874632212
56.05342603680864,10.18863662724271
56.12642667103773,10.11899111885094
56.2316702180828,10.20613298579171
56.20755792815442,10.04651146310681
56.08088646180754,10.20941734106595
56.14665762382624,10.15876937545262
56.09761279774517,10.13613494895044
56.10708905464976,10.21163689117022
56.28212153686061,10.32060808128827
56.18952528482066,10.10382102311166
56.17006917086152,10.17265244406965
56.03771021483396,10.24289866072716
56.28922920481856,10.30490174406066
56.02746564628582,10.1854747055484
56.08765425752423,10.11770840824137
56.16364757452109,10.15977080717582
56.03511501649555,10.1771274121064
56.10868574576774,10.11949093581552
56.18343647341791,10.01902402879162
56.0351993284912,10.19054674023608
56.06471548928728,10.10847499302531
56.162168088229,10.16013729472159
56.22376254041865,10.23731065420452
56.1286585384486,10.11453688809519
56.06333779794286,10.08880611543672
56.19658061775342,10.25028664791134
56.26921533264803,10.30624650967736
56.11900754473762,10.16005800127163
56.13089743885885,10.20377957774725
56.14565020345547,9.962776629671179
56.31445314976836,10.21661960442711
56.18540119584328,10.22190919992852
56.10406572372085,10.04462863925732
56.14369212465712,10.23321625257062
56.16269509494709,10.04753467924975
56.07658647506025,10.12252923767587
56.18805838024391,10.20797088744674
56.17207977061882,10.21333021066267
56.14284053122734,10.1871866050583
56.13439676583943,10.17758294804847
56.13440742561612,10.16752466497406
56.24541244262522,10.13738564499128
56.19190998818033,10.1212960037288
56.21053452407211,10.27798119518131
56.00613776943428,10.05528408735276
56.2648166716032,10.2269668142735
56.21987948021953,10.29300216669784
56.22393995667479,10.17469396598452
56.16458854113712,10.1022003472411
56.11722736957664,10.15887224484807
56.16765578294032,10.12004695826809
56.05620921405087,10.20664212161642
56.17072458668316,10.0932484899144
56.12584200439243,10.16229740158524
56.2229261590134,10.16360271597216
56.13366802942344,10.13616146946932
56.19199119841927,10.22594406769904
56.3084241981674,10.20946721786034
56.08833046935199,10.08872525739876
56.24472060646852,10.12756312714976
56.14100329419973,10.16341688578256
56.18765019517292,10.11009624382327
56.17563017942271,10.22108352995577
56.09761647578969,10.20572685739257
56.02195085413764,10.07895538270516
56.14145262874094,9.994717073551445
56.28406103126775,10.1380440525797
56.29702078685871,10.25776566946261
56.09616216029779,10.12444157957902
56.15219074447507,10.16073000189088
56.17334519918413,10.19647914312766
56.24366288819458,10.14060922577282
56.11072354043792,10.12662226217669
56.19527780277664,10.14494423790471
56.10584816643701,10.10091987599448
56.006638446082,10.12270286918718
56.22274816186557,10.15103935453285
56.15865861876762,10.08848241104436
56.06279395782754,10.21922793353443
56.03327927400741,10.10332716932721
56.03724153309091,10.07866580893524
56.13755465507276,10.02024305491606
56.13078678325789,10.04081350943662
56.14404544518781,10.189715081105
56.11565941246794,10.14849356817755
56.07235852555417,10.16000090191011
56.06415626753309,10.22171100593602
56.17781128534435,10.11164430467395
56.18214939724925,10.02215804815043
56.19934009666191,10.24039773108223
56.13964052738923,10.11250312090436
56.1205940185375,10.20527018772792
56.13773852212559,10.07693981837596
56.1599521593694,10.17409754902271
56.17425490540099,10.2033575280978
56.02706971066757,10.26034814145459
56.05458185832081,10.17177019848184
56.27482294721987,10.32480024936739
56.11446982204568,10.14585839853626
56.20265746228036,10.06670837833268
56.1387423956905,10.05081011277923
56.13711394092139,10.0306365710467
56.12019523138614,10.151376622122
56.04341004735307,10.09749540530263
56.11433938413247,10.21520264536241
56.05819163674211,10.20608148740753
56.12851566903766,10.12778380604238
56.11018583349681,10.21177310031245
56.22411408000801,10.05627120220928
56.1600300156508,10.17401931266777
56.18568421691239,10.14777329169645
56.239600644376,10.3343766758887
56.18927108715949,10.18918997202689
56.15335924303012,10.11346421532137
56.1451323834434,10.17550267156893
56.18847071488465,10.18262903988785
56.10506736217432,10.10263796396076
56.08864745285801,10.07770274981014
56.16345549269949,10.11931972369876
56.24005568338566,10.32795860001823
56.26250780102636,10.1648506091341
56.26585024127888,10.22081860216292
56.16252064432301,10.14391338238858
56.05882255020443,10.20392012719801
56.13582925739978,10.15060437010441
56.08140045820087,10.1252318925167
56.25612065587277,10.31638696495013
56.31128447695396,10.20468668336514
56.08033406826139,10.16572567315855
56.21419172285521,10.10428811188676
56.13941726299903,10.18479565749687
56.08292459543213,10.17313991923923
56.17658725362578,10.21870483163249
56.19288314858319,10.05858003595698
56.25516534873896,10.27145230241263
56.16155438492746,10.20055460107974
56.1693393502886,10.17231768395792
56.06352151848755,10.1987133246357
56.25849889895044,10.33616171059391
56.266451939286,10.21973885789122
56.15399574856034,10.11895919297851
56.15741945358467,10.1345791288939
56.31622958922922,10.20048554050073
56.05685733340812,10.12665754927544
56.07350770324302,10.23639678358873
56.05993049513192,10.21636864164849
56.16929409407885,10.03527228636363
56.24217604713868,10.28841372632996
56.09894176612168,10.18958961718671
56.06405408251619,10.1786216016525
56.10797307813323,10.12602852419556
56.13415270322065,10.16570755623464
56.11820163749089,10.18271759563929
56.20711521590108,10.20777867654166
56.11678555080607,10.10451345044983
56.15138312711757,10.07217727495185
56.1792327380262,10.08468439599666
56.19066768852066,10.19132217326693
56.22084640030475,10.2930202622904
56.2245510582522,10.15815841271938
56.17481177101529,10.20011755489018
56.06646052648492,10.09661327729472
56.15264353195986,10.19885767598624
56.22870559701372,10.25119371155584
56.17519685964734,9.985755202876598
56.21638579598502,10.18735096882583
56.21446850653086,10.03694133664566
56.19552013154531,10.19104586020775
56.11941680883973,10.00437185060224
56.18855856325928,10.16883064899418
56.23254863904634,10.32316732093007
56.25390300502419,10.26131812470817
56.17897579511184,10.22268287742716
56.25854986442692,10.33756435092841
56.11383308141965,10.12990476393636
56.19196725922384,10.22891441890657
56.13057989582004,10.12533818471488
56.10873111120576,10.21412468770875
56.08522484564181,10.2127003275833
56.16812773270752,10.05853506065838
56.19559624325714,10.08473714228518
56.1137103846633,10.15721466445697
56.12557431628984,10.16233673790442
56.1237361630789,10.10434379662838
56.07680907467625,10.20924065732154
56.07078065115461,10.1724778393097
56.23326894966303,10.32649310377996
56.19666807559403,10.1624589304111
56.23176078301587,10.31081910941871
56.17244738930488,10.20936062106221
56.16076284827101,10.2189781025572
56.18074860320039,10.16530312042251
56.30220291219028,10.21804692768252
56.0701706706055,10.1300066002048
56.11594533399886,10.14530355533528
56.23015517706266,10.19664472173934
56.28121343191138,10.29161206820439
56.22908222792431,10.25733033656429
56.10312558015057,10.21648376029038
56.173174659662,10.21150886510846
56.23242148214786,10.32292929055054
56.17666326975424,10.10235319960845
56.22943758544942,10.26422431907386
56.24945155859573,10.23328191539381
56.07437416221602,10.10585091797327
56.27489134799828,10.30688509838261
56.15920995541771,10.09425784697366
56.1645538480773,10.16373873177767
56.13344433141025,10.18356743937229
56.24500880051229,10.26803571466172
56.03878327027881,10.08282967989981
56.27084307226204,10.15845499479066
56.1428564702764,10.11233893535324
56.19439014464763,10.10250942586791
56.14355637938606,10.2102634422612
56.16168722046048,10.13110619635186
56.12955584549943,10.00163753712182
56.09142454036639,10.20966449618866
56.06276350636254,10.21929909220779
56.1955216124091,10.06488625610522
56.08062768052052,10.11709183969896
56.13227916552541,9.994423672626382
56.10660252409635,10.0169769319016
56.15782771740005,10.04494613809903
56.22887118579507,10.24315076724301
56.2315566220622,10.2373106268496
56.09827458119747,10.1870434431927
56.05565627196372,10.16629427278125
56.20706749218431,10.26512988595348
56.09354899370473,10.07377463430879
56.09824817920607,10.08296338402466
56.19675259085353,10.16283985614614
56.13137015635195,10.14779742587825
56.16766474675632,10.15092320089454
56.19616811995827,10.20946482923237
56.2426338035601,10.16170445703805
56.22970396355479,10.24712515426129
56.26979772611297,10.30467504556916
56.29546943857004,10.1743374220133
56.19187232220612,10.10690564164541
56.15883639582005,10.1099700601716
56.26938934827512,10.31269486060935
56.06363202603388,10.10744753185532
56.07388961706801,10.17049886384274
56.04263809952818,10.23911949762889
56.21718478887524,10.16799563268952
56.04542452390137,10.18865680868398
56.20302703829697,10.27939596893687
56.22599661787,10.22656945746874
56.16784972006536,10.15749480019856
56.2263929927926,10.13910957521152
56.12078435774858,10.1244460461871
56.1426663804783,10.2001556189028
56.1167035187753,10.16404111921235
56.18372004067008,10.11571911678452
56.17812490524372,10.17038499167979
56.24389227645839,10.33459037126069
56.21046148062581,10.21150619195853
56.0923584162262,10.23608738698509
56.12573004112396,10.17405528262417
56.25448701649695,10.14821519744394
56.232989667556,10.2669033215176
56.25062658206138,10.17371095578927
56.22295913782163,10.19542257041368
56.2542699686818,10.26878997896414
56.2029900385316,10.21152643789816
56.22973998624877,10.23691681684156
56.15836254822201,10.09840112747558
56.15570722032513,10.15345308269128
56.09550603346187,10.24230026130255
56.04361081261947,10.14723500714314
56.19301078909247,10.12100105109553
56.30365623281973,10.13999095643595
56.05772336269072,10.12560811518575
56.10406397132114,10.10892676080766
56.24854344378462,10.15643404459275
56.24323222968279,10.24594662329081
56.20967082376735,10.02017874758235
56.14743650449537,9.998961501732472
56.16184266208929,10.19856153038062
56.14539854729394,9.974911004409075
56.1238242730206,10.00207341457371
56.30339762116294,10.24786692519511
56.20313789248046,10.18282130232682
56.22868156736072,10.13891731508819
56.06878366577002,10.23940254840867
56.1382102678769,10.03733450290382
56.15420512580194,10.19150161315201
56.0995876071631,10.13867459618534
56.00193560059085,10.06693699216803
56.03601434183563,10.09401592548047
56.27257464012384,10.3256300752987
56.08266729063601,10.09485062678173
56.1274501120996,10.00965466231731
56.06283883383607,10.15375776685269
56.23271479194192,10.23106614628407
56.07285192093219,10.15135500765827
56.16664195615709,10.16923671325476
56.00827278240445,10.1403965979754
56.25172652729375,10.246649107974
56.22703430741677,10.26751925194078
56.13396757937637,10.13691552410161
56.09250963909256,10.07429984580896
56.15438289361789,10.15386342552804
56.1026820644597,10.06565041042285
56.12745149315185,10.16916323050489
56.16109104040694,10.19294727343954
56.1869417632677,10.18797051095795
56.27040705424262,10.21519754178726
56.18363924775966,10.09874302081871
56.31835620835497,10.21714884030438
56.24506992832018,10.2341190145291
56.19773696318423,10.08383850418816
56.28766996120572,10.21655411292305
56.11531750354823,10.09226187929779
56.25181065874793,10.14337050596036
56.28613429632999,10.12688130229353
56.00932566192793,10.06895379776241
56.14910519188086,10.13837447746447
56.20827732765333,10.17187888362587
56.16225243009207,10.21505960832643
56.11474058566115,10.2155548670696
56.19353908229947,10.10204162113544
56.14937533051565,10.17969468708501
56.26427037485676,10.26716525884643
56.12261357191636,10.15298125327718
56.18195000145318,10.18517478078599
56.28474714343979,10.31377976505923
56.10645358030512,10.08242979614127
56.11763146639526,10.17362007565683
56.10837798435518,10.19107910797117
56.22470949738661,10.08028843202002
56.03027346219972,10.15013714799806
56.06113033323329,10.23200998813383
56.28602802342927,10.31214768505585
56.11044830823944,10.08767206173401
56.13953583554606,10.18441077556697
56.12421854857004,10.1826382993031
56.20253241021009,10.2770499577029
56.20577408667197,10.21655285669029
56.18751772196695,10.15147087447175
56.2062513255881,10.25043361944845
56.12928848441226,10.1530722358716
56.16135452438954,10.12485768510679
56.16334761096732,10.15212560344536
56.1433754760225,10.19520023219153
56.11159763677912,10.22967809472928
56.16338092323048,10.18854831167407
56.0828382414759,10.1178134853366
56.10358967374393,10.0991770733137
56.17502202850455,10.15975680591382
56.2726486391722,10.31207094115148
56.14276003044532,10.18365196411367
56.21505588062887,10.02683032046943
56.10631879163131,10.14892857741824
56.00748037646063,10.08272175842977
56.0749385027465,10.15726354272962
56.11086493227713,10.12271343622867
56.11495913141019,10.0748190546229
56.00940816616816,10.06479379804094
56.06124208606591,10.14757478598434
56.12897487110867,10.11906115586833
56.23163314119592,10.28647032676843
56.24754270307327,10.20500940476484
56.28265755101315,10.34447457632396
56.21849438615556,10.25780571675236
56.18869330466681,10.19620364575135
56.13451273675611,10.14480707567701
56.20211848404763,10.18363196841236
56.17205122795409,10.11912358309943
56.15113432150253,10.18655866019138
56.09523459716267,10.08255908422322
56.01914166940222,10.13761151186552
56.2364200354889,10.15357009864524
56.04606256335524,10.097096849435
56.10666523004068,10.09903611094098
56.19792056492926,10.20068480658104
56.23486078479748,10.22391622228306
56.14010540500563,10.20002615354569
56.10531520825375,10.18319482241428
56.0891270644343,10.08361516907688
56.20588503785177,10.27140791487602
56.07435759648155,10.22770529854185
56.09457939287914,10.21660522982907
56.02028118784352,10.22557242860017
56.12107571289081,10.0772236673608
56.23215603915586,10.13983316632002
56.20715962178509,10.071090577218
56.19846054792563,10.15635075165375
56.1159363479085,10.15490029324103
56.08863706788388,10.10378307674189
56.03446888155564,10.09790567463905
56.1257799264443,10.12418385776681
56.17199319585254,10.13539370765009
56.21889963946627,10.16512930232133
56.20298231706582,10.23418946500182
56.08513645227293,10.08696158618803
56.09935473222976,10.13990607844396
56.12004334468766,10.16145391150753
56.1610454360161,10.21506577573779
56.14824780507766,9.969131849858181
56.19771181869041,10.16373149535638
56.09660288359984,10.06330705849511
56.1799190288129,10.1233607732025
56.28611600240034,10.22001143698265
56.25203312019107,10.29904457142976
56.12261786441628,10.01476695140624
56.1448724259155,10.19341348164419
56.08780696499209,10.12548985549448
56.25818057853035,10.33396820031674
56.1893434671378,10.0899365136624
56.12890919493087,9.996966001882392
56.17414766670396,10.18623940370811
56.10552385053441,10.19989737330425
56.24945244795581,10.28644960515666
56.11596783490189,10.15727670876886
56.1082661636251,10.06204587935173
56.16795953032556,10.20086763563081
56.1294224065119,9.995451406822298
56.07043052617323,10.13925654976173
56.19994488630753,10.19804641264215
56.0425656112855,10.12349360667234
56.03497072225647,10.09218819208435
56.16783230261186,10.16732389770059
56.18930197777438,10.10982775192948
56.11948977727231,9.987297794224887
56.21242913820372,10.17110641891739
56.16587244937509,10.2200865086758
56.30272011910403,10.14062859688191
56.14610359935936,9.988149937728299
56.06502692961474,10.11006468925665
56.20018733999238,10.07645923817261
56.19691247077194,10.06169529212754
56.13634209764584,10.07265107143026
56.20953709439118,10.21737105836475
56.15660723209177,10.12938483366789
56.23487157157394,10.22542131556716
56.16649526102069,10.15287773200865
56.1356120276526,10.14102350569434
56.18032086057747,10.11403260447073
56.17138210638991,10.18864568896485
56.1479475444341,10.00521855627932
56.13327272826394,10.16147141429125
56.15100265359607,10.20933111174578
56.16124713614095,10.08763553257939
56.25721413819166,10.27480375263328
56.1930767943061,10.2431051624543
56.18408705039428,10.12186968856643
56.13724061132551,10.12586916006416
56.14230181502905,10.20576380117343
56.12103138366312,10.13505326234893
56.19089195896301,10.1631468612958
56.17553340984707,10.10341784568876
56.25030530109887,10.28842793107912
56.16733989259082,10.01156183496073
56.19170863675111,10.17738425120414
56.04806739391159,10.23830307184219
56.18682521394046,10.02727471958888
56.11984840604303,10.12774631711646
56.22980031911685,10.28033858237218
56.1563596375798,10.1837080235212
56.22645441832867,10.24421497409686
56.19753383440505,10.17483605918034
56.18602400314198,10.10340349546381
56.12741183444311,10.19837125537667
56.16257139217365,10.16965080931368
56.03153530550604,10.19043500989504
56.16436762640096,10.10080745903199
56.15796433759105,10.13000018999301
56.04176067102451,10.16844582114368
56.19579809163405,10.24277378534922
56.17182639747708,10.15346773691488
56.1209733811343,10.12442729349686
56.18425244691338,10.23137043216194
56.26846931146811,10.20982381181716
56.26606876900497,10.3082359786523
56.20374629584544,10.05020721231652
56.25361560991634,10.31151745368821
56.16541947297333,10.08043159511955
56.05344355395805,10.19747574570865
56.0854601714372,10.13999333001703
56.09848895885152,10.18794929602968
56.24060253131393,10.22194435554789
56.26404150192854,10.25672292964757
56.21230866708956,10.04412806079405
56.18792896141853,10.15630392197992
56.23531544383449,10.15107097258467
56.16504190324022,10.14690092258215
56.26644362635276,10.231513908169
56.13609901719146,10.03899323265814
56.11584655930691,10.09069746177332
56.1231370437001,10.00947367691038
56.10881035980499,10.14904782988556
56.24262896116466,10.33100444778126
56.28274428530938,10.34100370550551
56.29206448511983,10.18484652871786
56.16169854055907,9.97740348464542
56.12376388660073,10.216733817735
56.09416456412625,10.17659799472018
56.1855101010274,10.13629356964944
56.06205254336521,10.22145872046182
56.25986346578528,10.29256056032223
56.23699582572164,10.20359847067543
56.16206248768451,10.12623740495136
56.05662706962744,10.0864675399945
56.16484694829311,10.13412735825525
56.06710641781394,10.0974232598246
56.15735324954545,10.19992408184864
56.11358461250411,10.14545752340032
56.06804833999899,10.14284062936228
56.20613527454003,10.24811806401604
56.13038394254936,10.04955899087537
56.16584332411802,10.13607955993291
56.17522696817557,10.19320572162464
56.23153203610324,10.13969223582512
56.28910963384531,10.12929904189168
56.07579411192275,10.12953210768999
56.05994510037554,10.16055552592534
56.15861840433359,10.15207909751421
56.22355051179643,10.29554035857898
56.28160832376244,10.21894968344863
56.25089542916119,10.29805755009336
56.10263163983914,10.22061209085071
56.27407548468133,10.32569144951148
56.21348223022696,10.17015319852323
56.1937071557316,10.23590051950149
56.04097682913209,10.20217033870357
56.22891820059601,10.12309624322332
56.0078338858189,10.14188741753885
56.11615397769965,10.15161240131046
56.10168308154065,10.07027973956525
56.14985533350022,10.1491621835518
56.12391758620582,10.15455903961665
56.1352419344998,10.13008106149007
56.05265619205376,10.08411527109734
56.11126883452429,10.01110131395194
56.19276509644172,10.09267391009267
56.27819239645256,10.23153446269912
56.11921377861903,10.1847524564631
56.10962552530802,10.21844011630482
56.04732385249415,10.15324884286406
56.13163234080427,10.15113007016005
56.09685051158262,10.21547582595126
56.12574298583949,10.12276592870695
56.0887862926884,10.14173148622651
56.26961473950578,10.29257371456077
56.08484886065067,10.12933192458003
56.11503483726015,10.21463391884524
56.1230827163216,10.01634348274408
56.20514331511022,10.0818305353995
56.18751326454525,10.03321366547417
56.14575376875556,10.24028449007508
56.02317259990388,10.18417575875106
56.20423355829661,10.2413974222916
56.25324493289708,10.13167584877777
56.17193494150687,10.11964073988954
56.11373883685529,10.19526737405405
56.23692934425323,10.19242650600066
56.10674840150524,10.22228740897458
56.2011032767028,10.25390130093536
56.24888468228907,10.17233956730123
56.10194893088967,10.08824473150337
56.22469647430081,10.18019098562478
56.15194736891171,10.02764993891343
56.2102764063148,10.17652376373941
56.23245797332365,10.25114393164624
56.12847373492377,10.13091590950926
56.15419083151333,10.16674381480891
56.14762525989341,10.21234040959156
56.11741656893624,10.13408578426878
56.19018747432562,10.14090406052155
56.21395891241064,10.04346143069679
56.29218513721194,10.15044082596173
56.12307863639531,10.12270194902492
56.24998808531474,10.28379704088414
56.1079831248749,10.11109979116747
56.24406728623666,10.24752182174959
56.06594398444901,10.13113958035019
56.12011465656808,10.16135557785943
56.08277723392193,10.08265151355767
56.28606790112345,10.34942882258744
56.18852878144369,10.17785364282961
56.1345782111239,9.992810171737927
56.07812919665722,10.11136557985555
56.23051507476555,10.28498163764973
56.12120082962401,10.07594501415365
56.15613429464558,10.0533060384114
56.24446344961373,10.26158462463711
56.21101670657352,10.28400367545808
56.19217705772694,10.14944993571076
56.18778836516425,10.10360173454278
56.23803958492063,10.21451156965793
56.19747710095566,10.2260207336044
56.27877031236117,10.22939101231269
56.03546638224582,10.26894389907297
56.15131155459335,10.11237482936149
56.15579798070048,10.1615704619134
56.03153011951475,10.13839445889926
56.25145872726971,10.21293623924484
56.22344061916615,10.29128528574819
56.17264731850725,10.04236741558268
56.13846947320238,9.994998992891672
56.18048897162376,10.12183595263325
56.234093036102,10.26768894521872
56.2143598627859,10.10419569303986
56.06148308725169,10.16707160970307
56.20729004564296,10.04138868133576
56.12385007288158,10.18112688096295
56.14439290528689,10.19919685234816
56.03908504189661,10.2068389084714
56.04231815853182,10.16690562911969
56.27455689075541,10.31474246446893
56.15235359448873,9.987977239058901
56.1120032276812,10.18928472736886
56.15795411255684,10.06652190793729
56.29067341018403,10.25507265036425
56.137949240238,10.21771000741396
56.12150219502752,10.15032581446781
56.11642515006773,10.01532165694349
56.1077989254533,10.22424621688696
56.11083061628591,10.07006689295418
56.10270970380972,10.07420524374013
56.28225177308158,10.29054831006537
56.21991097204899,10.23313360738343
56.18175478840622,10.02392586221523
56.23507734667925,10.32802624494058
56.24050358613024,10.25069543015356
56.03761127630477,10.15382693035318
56.21253343566332,10.01395859089425
56.10275591285761,10.21143420711794
56.10777869957797,10.18885223247173
56.03203156950618,10.18418934945999
56.1657518502846,10.02762797653497
56.12247236673235,10.19302605816791
56.1583195662495,10.16305041216744
56.17304418286317,10.08578960189415
56.20709218326715,10.18880629893544
56.14252531039048,10.0942493964948
56.0989508456712,10.13937446515997
56.11399744834349,9.995469284474098
56.20655284948079,10.26114911057081
56.27338327712147,10.33127453828907
56.21308453405555,10.10018372338337
56.18869523613496,10.22996062962393
56.1544139601062,10.19882238801742
56.02914191506293,10.18625575667862
56.23520921633219,10.32757776907291
56.30228168795185,10.14092378146302
56.17341519295468,10.18659533688604
56.26244234044341,10.16496572178084
56.24264465875728,10.12975668818351
56.21555490220678,10.29027424171293
56.29712160201468,10.15426661630391
56.11776729306834,10.14168183938299
56.11362249424213,10.19195510599192
56.22035243812635,10.19929808449522
56.1689156913586,10.18510667736489
56.13921300772761,10.21595840759026
56.17496099160925,10.06472342930749
56.03088299970727,10.18587055738248
56.14273117977603,10.20415423837778
56.26020993255218,10.20590920487297
56.12894367452549,10.20078751993346
56.12330193862978,10.21620040297804
56.15529256710975,10.13994035862624
56.14370986106741,9.994853650115218
56.24023419033404,10.20912562754738
56.18555917492099,10.04193575525257
56.17849755152808,10.18388722694845
56.20571215747331,10.26151608410706
56.25661160865908,10.12567536812132
56.09632067834174,10.11945560740282
56.16848290836265,10.16473035620525
56.20064571500672,10.18128972791927
56.16609981925253,10.12207907185918
56.25901827514411,10.30350592904112
56.13510055121524,10.17944045053054
56.05198665287636,10.26253826417948
56.16444638931152,10.13374247958598
56.20622142113423,10.24415192888431
56.15840057573025,10.15099057039108
56.19974126538553,10.21258392372614
56.22088972779319,10.16186365970913
56.14448213556901,10.00031054678413
56.18018358233155,10.17436525445451
56.10411233004596,10.14485896646106
56.20585020690688,10.21577246955436
56.13846415545872,10.12353348953791
56.12967931422002,10.19971241905848
56.25169757351344,10.12911823597662
56.16275306434872,10.21587754828472
56.10448313482121,10.1470756067352
56.08677609415146,10.22295608943203
56.10002143113632,10.19289740508608
56.05327906458484,10.08190220994457
56.16237196363269,10.17849693368735
56.10693272541626,10.17492601816445
56.04158857814593,10.23843948972731
56.13437020328826,10.0063651227892
56.25224733324915,10.23942899141054
56.26193720641065,10.13393091267695
56.07716308942147,10.12635082675556
56.11694986332267,10.07853331065336
56.17539131149813,10.15818242448904
56.1398832183359,10.22779390161281
56.19260084028821,10.19072166905383
56.1765454250726,10.18992360987687
56.17420136328411,10.09963746154094
56.13859261239443,10.1212668434829
56.0438464489468,10.09067433401891
56.11405328377942,9.995154878474603
56.24897614619928,10.24840291328235
56.23589774902639,10.19602424498171
56.11214235692449,10.14404480091868
56.16305846711482,10.15146555546245
56.16484489228169,9.994333938692034
56.23528054410546,10.28265652879424
56.15230991845121,10.02154418375526
56.14914410179458,10.12610370902526
56.06744089028042,10.10079921958875
56.14818783690312,10.20995768416296
56.19514575866429,10.11721058975561
56.31932178887176,10.20281219657494
56.15967024002188,10.10135667179239
56.11606660931824,10.16311358855773
56.17935090020835,10.20588280041986
56.23642920648175,10.20508655402604
56.18043053208823,10.19669650613105
56.29576438763267,10.15324159097236
56.04547866344159,10.09217209748498
56.08783602602767,10.16037274722012
56.21122603690216,10.21553803141341
56.20140904607466,10.05690335591302
56.09994470438992,10.06005770574287
56.18752406266152,10.1048168680659
56.09789340955792,10.13039301684817
56.03246277508977,10.23756831795731
56.24724338506816,10.14195178237449
56.24601172060127,10.24591836256641
56.17997007843564,10.05131163956546
56.07546067674064,10.10746940750274
56.12594649719748,10.00358605338867
56.07052002539918,10.13930349192938
56.2077780148209,10.18955292872769
56.15220973598803,10.0187272720851
56.307303660775,10.20955469986061
56.15295038817659,10.09716102592388
56.02592331155841,10.26092259161625
56.11180616625626,10.10338263499022
56.14739355691608,10.12117605428039
56.15329128345279,10.10904335226057
56.1437587186124,10.10671017454303
56.04577916240593,10.12302238957602
56.1490389456531,10.15495294859024
56.28498489329981,10.21189275767782
56.19866645215102,10.24365434629203
56.18876637871279,10.16850312608138
56.03904218461815,10.08301817885823
56.1462840042818,9.988099406137064
56.11663513233832,10.15686390275611
56.17946834622231,10.21666914083881
56.20023580598949,10.18230283605643
56.1830985729348,10.10673526019105
56.19342528442993,10.18886289173281
56.22912001773014,10.14467628081916
56.20972220668676,10.277017396728
56.17230900639899,10.07720493956598
56.11470004172289,10.14608182814247
56.26427724952906,10.3331968418806
56.11602541572126,10.01041604446809
56.15828155521233,10.1880575511742
56.00519630258209,10.03382604699678
56.18782356324718,10.04175009276531
56.18981269345919,10.2241989570559
56.16416739554906,10.22695873686255
56.17542173797082,10.19635609648105
56.02150160867425,10.08433648542433
56.05055109517171,10.21680505748609
56.24468843645436,10.23419039553923
56.17207453558392,10.04249441342034
56.21343890995918,10.28463253683093
56.20369129956197,10.16651797485133
56.20557381609156,10.04391890672273
56.06824757146249,10.15299807511454
56.30450095386966,10.19311190951362
56.13567877655276,10.16684094244532
56.03085637016954,10.05758379048511
56.03683566803631,10.26932993945986
56.17167149088633,10.17227094010921
56.20847905957529,10.20527584249158
56.20101925164702,10.18914447484178
56.10331915253883,10.05920980856032
56.14135763481079,10.18487202925432
56.10324066441008,10.17503533783767
56.24919518153605,10.25015415412851
56.19373167250221,10.19289286136509
56.06290952823608,10.21581533994562
56.14005556929255,10.14423022768991
56.17475009210855,10.13258441182307
56.17289602047091,10.18893262208405
56.15046089940463,10.19733744834952
56.15504779617007,10.12801747264952
56.19870371542728,10.05704651654956
56.20110473526412,10.05180582965411
56.13189194990634,9.993720276703284
56.26814076246995,10.2638939664676
56.18912859054003,10.1915013750618
56.1208120235046,10.17787802862668
56.18743595306243,10.02452413108583
56.0080780486307,10.14104968797434
56.14549853845115,10.21011491070144
56.06872176022451,10.16262199646583
56.26005618904936,10.15389370269846
56.21529733548907,10.23401806235491
56.20915513945736,10.22178425450725
56.24452760692691,10.15758253001237
56.14537991207949,10.0000808678962
56.20405538630602,10.18085945851639
56.11521083508259,10.02397604665142
56.19376880244123,10.23820622188417
56.21947356085277,10.14807228802043
56.18637852785223,10.22722074245949
56.08679210422297,10.1225636401118
56.29386782535434,10.25639125265366
56.22490369984363,10.19704884616129
56.01936150743917,10.13790609861668
56.06517258652779,10.16081548141191
56.06819670875951,10.15331478955235
56.23920683958754,10.23796551572724
56.2515072217187,10.24949280950648
56.14103363847266,9.994397502928408
56.10359983271993,10.18168194603245
56.16690806988804,10.08053107918692
56.27621537353517,10.26948467016959
56.06484924715311,10.09235299457441
56.12144075020807,10.12113560378473
56.05306299255465,10.1957522123602
56.09174529942854,10.07791311394291
56.17947070147543,10.08624569009668
56.14528429226481,10.00431284047996
56.09891131234276,10.1398031318341
56.15603666367183,10.07165414282399
56.06533794531581,10.15048110052582
56.23957973142166,10.15896095860918
56.09492255684297,10.14622300321464
56.18665405939552,10.22214085882887
56.06440675422662,10.12980946219535
56.05112120050902,10.13122242887107
56.17882915247907,10.19448925028936
56.14672354788652,10.05865686781827
56.14965700860601,10.15665106886614
56.00560004786038,10.04850113390166
56.20388152775948,10.21593547487412
56.22482060804343,10.15711672990071
56.1145605476738,10.08827857176816
56.17096546506076,10.20517496220527
56.22280096444054,10.21999351747307
56.13379159280851,10.00901682846942
56.13374807631666,10.06438833381193
56.08242656035215,10.11130244352924
56.04537290146418,10.19637174346055
56.15264934944243,10.05874686624785
56.24189103532815,10.12977726627711
56.09754701689142,10.21032671553084
56.20437688860319,10.17868566399264
56.1836323754957,10.09744437422577
56.13921092223347,10.11850622819432
56.19352964612346,10.21775749912518
56.21317894356263,10.14338289955261
56.0631826846629,10.2125196590565
56.20797052474107,10.23015568778649
56.11460870889178,10.18061063632072
56.21503618380932,10.06253105928014
56.16138326840044,10.15930251383613
56.00517074217764,10.0445592568427
56.2294245114872,10.31734110773802
56.27542608332212,10.22779538877392
56.1361691042769,10.15954857668083
56.05632110199068,10.24216931983014
56.15568338670245,10.19489013287451
56.13687235378499,9.998337347148993
56.17610724712384,10.14399660234586
56.06481366251624,10.20950443263922
56.17668483048323,10.18905541839314
56.12298286386424,10.04848736799607
56.04536542367617,10.19652545060947
56.2351173143697,10.21318625380488
56.02192747717695,10.07306695162569
56.12077241941385,10.22347932417632
56.06073127394539,10.15607870930829
56.19937986608207,10.18921758444884
56.22233038815907,10.28721345934454
56.17928849993685,10.1835335243892
56.11242921683552,10.17559960947284
56.17241697279906,10.13688093407731
56.20513139532153,10.2453917626438
56.27151835928861,10.33073879286736
56.23174313010691,10.28924701442578
56.00269784921439,10.06529875405389
56.1034672632,10.12196301271367
56.11026103724594,10.21186593844479
56.21065492464334,10.26966899405129
56.28267966884165,10.34347749638851
56.23628476980593,10.33204148063345
56.14256370364955,10.21235794262464
56.14781682952248,9.978951201292958
56.20068498821352,10.0586177077549
56.10907480431021,10.1775393969092
56.14791186799308,10.1616088868964
56.2042238228395,10.25365823698434
56.05671163924002,10.19846083178193
56.00234074840539,10.06605826938325
56.17551705507157,10.13414268829728
56.10520436828641,10.04588944154689
56.1279625409168,10.14940640360012
56.16095334897501,10.04667507588935
56.12400467599475,10.13730261969752
56.08549867404484,10.12404111148452
56.07024773584646,10.22749615914614
56.09645179559788,10.21605183433087
56.25345944514189,10.2883221917564
56.26674304164301,10.31337063272018
56.24402524923791,10.26246958982622
56.05816178443612,10.16316206275713
56.2448549182747,10.17211626889425
56.22997743987113,10.20500648029917
56.24862431120404,10.24095629103062
56.10322740622388,10.10657991980867
56.17248491818905,10.21956523671891
56.12394759964175,10.14144492188277
56.26441109715478,10.31344129943955
56.23371925844155,10.31349780754297
56.15422364167713,10.04988401055487
56.23288294407916,10.25419035154042
56.23673373494697,10.3262585164589
56.10214370398037,10.14190266172077
56.11258811778499,10.19799058085569
56.21287900259564,10.12863154312035
56.20087209457245,10.05207274308027
56.0471344129809,10.09261127403393
56.25674596570637,10.3291899224124
56.2142825431856,10.23423193761595
56.15763799210018,10.05214723800407
56.07251131501653,10.22420267218627
56.1889108860802,10.19674449847928
56.30670161673378,10.18496181260961
56.1503413045771,10.18335118777548
56.10522099557781,10.14839296875597
56.16533811173537,10.11720734555986
56.11110619956553,10.21174046472374
56.15165134178214,10.11714909659673
56.21028456885801,10.20741153607039
56.1788578533737,10.21405156937098
56.25465144881547,10.26798230618996
56.22739932234566,10.24756101636688
56.1299284286087,10.10223816713173
56.04251696717913,10.1987592460271
56.20581420841059,10.01810147925257
56.11351288028057,10.16789118958769
56.13609748338013,10.04084046284255
56.16587059384017,10.13653888128138
56.14368310414368,10.18522816412385
56.17899509176215,10.12031457388032
56.26640771319136,10.30337142922933
56.17219240979842,10.13860345312589
56.24183428281448,10.23457170548493
56.25258065228022,10.13017134329093
56.28028578247847,10.33107036907503
56.08612140259088,10.13814949765118
56.13750983440913,10.14585899185348
56.12900566620904,10.18069757458017
56.13068493972008,10.21086027923028
56.1248288342999,10.16806071069004
56.08700168377695,10.08525495533387
56.24273481156235,10.33405363842092
56.11772544556596,10.21156638650574
56.18083994442804,10.16449839979459
56.14770557691522,10.14642925768543
56.1792901128472,10.00220694881005
56.02127469282656,10.07428012446302
56.1592479927676,10.1081716494922
56.17954301927199,10.19555285398541
56.1971045378537,10.20393745606535
56.12128206223544,10.07210476860384
56.11531658529323,10.19502891846066
56.19167552096592,10.22911933805362
56.22312736312195,10.05475618601863
56.11198079652525,10.18147604501124
56.0829929102183,10.16996960046051
56.18816390733587,10.19820897081558
56.14475039170857,10.19755528446205
56.19340854132017,10.11613424379662
56.1124886103615,10.17966439506961
56.17409363746469,10.2072400479055
56.12874896437082,10.0788077066974
56.14767185495557,10.15184674014982
56.18637568188966,10.09781354813393
56.20079163752987,10.05835554026573
56.19069631685691,10.12229930925574
56.20996279434871,10.03798465876957
56.1234550037601,10.02366872202428
56.1460560425251,10.18323261448986
56.18458023145322,10.11408536252975
56.22877986116586,10.20193799334452
56.17444861155132,10.11038934760839
56.10916824645997,10.07802496705003
56.06665481198556,10.15108021537459
56.12653359910227,10.16041100615397
56.18284075969562,10.06209258913731
56.13130464761513,10.12413562098533
56.05742555989107,10.21374879580166
56.05767375607984,10.13993745005179
56.10246358194515,10.11098433843156
56.30211866582771,10.23216905450709
56.06513739891196,10.19021278124581
56.06711592013929,10.13354325838132
56.04496733913873,10.09545774595058
56.20341225351989,10.26156213515453
56.19837490356278,10.24652932641022
56.1635209565108,10.18830841959551
56.16760490634513,10.10527785473015
56.29885284841481,10.200468704647
56.18983762792414,10.23433168180384
56.13333428409987,10.04030520929961
56.10367795505036,10.07457410575704
56.16035301882706,9.977682520399902
56.00556670832745,10.04802214615694
56.16177028754316,10.1915535865594
56.11556410107509,10.13440584878387
56.29402563467503,10.24648637504643
56.11237314704523,10.11532890892792
56.20609963775661,10.17295882258845
56.12256860302565,10.13320131287962
56.30504881360779,10.26217933030799
56.20634858482743,10.24326687995813
56.10914713234391,10.14529214766145
56.17677765638155,10.20602349919849
56.17836369152845,10.13434942241307
56.03169724614705,10.12693132242062
56.29758227997259,10.25316955278605
56.2034535870246,10.18374488104199
56.13420644527484,10.14143001036936
56.15145529699829,10.09808916079694
56.21134962727439,10.18862586165731
56.10298749222695,10.07602511435105
56.26668686396479,10.30156493077716
56.0365888384398,10.19898105021256
56.16861865826827,10.19957040042023
56.12070126163803,10.09771287246161
56.16377697664387,10.16402273314319
56.03415311058491,10.10015505533999
56.17551236924322,10.00228682852517
56.15664442635186,10.15239914491841
56.20941132031109,10.27536310829076
56.0444682896461,10.23928170016445
56.03503650425972,10.17682697975614
56.18100748214401,10.10228304887082
56.13377623672061,10.17481392926415
56.05297690782876,10.26152725889915
56.16663034483908,10.19573510082285
56.03989239259501,10.25274362524109
56.18042183794172,10.18930197711307
56.10564942200092,10.14723612123232
56.12909961404487,10.20937239467217
56.08025435871068,10.08477803486151
56.17459023358049,10.20442853559074
56.08280626348331,10.2089177602985
56.16122721003975,10.19240921495132
56.13543816628241,10.17723486544699
56.27056500084904,10.16342037335371
56.1063760624101,10.14811072275821
56.25965292594797,10.1696527709515
56.13572667637604,10.06980495069384
56.24000974452451,10.29865197721311
56.2527158144383,10.28831072390913
56.21971172221043,10.26402059128028
56.14859324526694,10.1439643575696
56.15844834515598,10.13991648014977
56.07211139497937,10.17204317298658
56.24299087190731,10.33422763471193
56.2046044237629,10.06863483490718
56.10669024933087,10.13370955047985
56.19192994253895,10.19362534072919
56.24241960209546,10.26130044277835
56.1761837379776,10.10813514651159
56.16324769612742,10.15358445779945
56.0693621533331,10.15720633404056
56.19257134115541,10.22473549927053
56.20185047924897,10.26387479000377
56.16410127671567,10.15416546169067
56.23234626664016,10.26400572409805
56.11465510270964,10.20238198768739
56.26790440820242,10.32924345013527
56.02948781416023,10.12654543449057
56.12607839627891,10.17827333335782
56.11323874456816,10.12501759094989
56.15502032662628,10.12558515580037
56.23773550157598,10.27817854416639
56.2012900295295,10.18702125944304
56.25560121701037,10.25843796535282
56.10960516051483,10.18263378683973
56.16342108303055,10.11907755681344
56.07104221659915,10.15920666451865
56.14528976921557,10.08897552607542
56.26202193369316,10.20713189587818
56.06326730172969,10.16151580313464
56.20207263728971,10.22283525233017
56.17595865200845,10.13799930458561
56.14116840850959,10.10172657633132
56.19385141487676,10.17510314633416
56.01878144361159,10.21237695982109
56.21484957591558,10.29049677544419
56.21841769777986,10.04188594130216
56.08990498925842,10.19248771642008
56.26017504198958,10.31190644705763
56.14813939089824,10.02969962232814
56.02570324782836,10.06390986081082
56.17403809536629,10.21714445975815
56.15117884292737,10.16955108188783
56.15387038865486,10.12381884453204
56.23970856981423,10.14352291827561
56.03703825607977,10.07788522624505
56.10281843379096,10.07489739347617
56.18062698810447,10.1152465201146
56.21621585047748,10.23382558754237
56.18664709410477,10.15976540292992
56.27666829793722,10.33130076857725
56.25045140621791,10.31908090966737
56.07482993026389,10.08975657823061
56.17339394424571,10.10604533399985
56.20906336756039,10.17739776610656
56.12938552815768,10.16104307795955
56.06355359976083,10.23541406164588
56.09492706335726,10.21920789863102
56.20472721014926,10.26573892191757
56.03776864277544,10.1824889172042
56.04485980933697,10.08796435733166
56.2085792998958,10.28111791350112
56.04758514495571,10.1955504663366
56.23081126584316,10.31212263345681
56.13073160592981,10.03963359493423
56.12060031820843,10.20510884768079
56.17932855708113,10.11875150663737
56.28446977506308,10.15072351149994
56.10785933214005,10.08493469397522
56.07459954218504,10.16207647012489
56.09210547267112,10.20200099556433
56.15556805149971,10.12374211151579
56.17543884325781,10.18717342669331
56.15351107135217,10.18264040502076
56.11364911123982,10.09981851934888
56.11073163632329,10.10271726484139
56.16380030248108,10.18133701608095
56.18814330545358,10.04734089732281
56.26299099126879,10.33083224915942
56.23976392557144,10.21305361579553
56.11607461123251,10.01346881523721
56.05937869799038,10.21973721164515
56.12345366070633,10.15246781880192
56.17029284208317,10.07237086099682
56.17409582129796,10.18654731736428
56.06164180471762,10.16720949527319
56.27098900392313,10.30548868939155
56.23618762969926,10.22306472192311
56.17612014509413,10.19120524023221
56.28322025449355,10.37676142746477
56.16343712335879,10.16364789190414
56.06150131439387,10.19647174899396
56.12526937485221,10.00348987531802
56.18298325450667,10.0520517886193
56.11468570878753,10.07439488863445
56.1672309347779,10.17555486573158
56.30589121738181,10.18787911756562
56.03292766170919,10.23505900276101
56.20274654809035,10.22389805740132
56.18493458488097,10.16578853570824
56.30596734035295,10.13847165911756
56.09678788859456,10.21303049489122
56.21676490154374,10.09387126795877
56.12522995476841,10.16392163633906
56.21324147390818,10.2870203645801
56.06282699695456,10.21054791568617
56.27510878399453,10.13294720567636
56.19785691462022,10.195766963049
56.14676550915507,10.21141410032206
56.27269853974396,10.26420358022566
56.12381286625111,10.10531654467309
56.113856989124,10.18466129116917
56.20655575206327,10.22150100599568
56.19329332464183,10.18519788185567
56.21048733284463,9.99992602710711
56.10419877221309,10.10747258266394
56.12909760417755,10.10283319010901
56.0402800206692,10.09187636470105
56.11633244863472,10.16214626770279
56.25220668265096,10.24348167911101
56.19999147627856,10.2423605830123
56.01879095950061,10.12496865406795
56.07524416431308,10.16430000490406
56.11276531331993,10.14469722063165
56.25895539107248,10.30934291486612
56.19567506404344,10.07287996529219
56.13262419370378,10.10252864045579
56.12763999194319,10.10626692418276
56.21225015721398,10.26488274616676
56.07201206076103,10.15977687091482
56.0496538358118,10.12727423070802
56.02631000459269,10.21771200068207
56.03692924804168,10.18642378713251
56.21404519008588,10.28269355158205
56.14760466729349,10.11924580687067
56.08665866781661,10.13024558621104
56.13515559511003,10.18639416473119
56.04706266927182,10.12435120995601
56.29385054980004,10.24637755617036
56.23610165107795,10.30463278352159
56.15056200536684,10.17225739465205
56.26411809445016,10.31718746806438
56.14119316654759,9.992466039955955
56.21836942008776,10.23356234968833
56.20992186893847,10.08833279961581
56.02126523406422,10.07462042537717
56.28029411623067,10.15107388902878
56.15297683268285,10.13606339098621
56.08467379218688,10.12208467302372
56.19175290839477,10.08744270096003
56.25466667462639,10.1646149667361
56.00985603790907,10.07297334448969
56.25096112393966,10.19082835066892
56.10053717912182,10.1544389806757
56.15169700863675,10.21068419676174
56.16631203138546,10.10331247215548
56.09523171962908,10.12431824008783
56.06454249920164,10.21325240631437
56.22364274279919,10.1340844876178
56.11378765813848,10.08456691002037
56.16208217543014,10.14560540340698
56.20152286762172,10.25225072494962
56.18146615225969,10.21049563230082
56.18763315258849,10.23423239332508
56.14692377156645,10.19115670461
56.12560420927159,10.18256911847105
56.10423790967862,10.07027992248853
56.29868319605283,10.15028011733129
56.05522153645428,10.16494347624908
56.17878212652454,10.20010932134097
56.2450269791934,10.13350283708185
56.2088077227424,10.22155826224795
56.25161246610121,10.1396407431475
56.25890582808669,10.30965376736314
56.20874251544314,10.23857600698006
56.20392166595364,10.21174511009524
56.20382637291273,10.23157136286149
56.09981584985533,10.06239187448661
56.00766555992026,10.08272046500495
56.21673794714224,10.09200886930727
56.24213717473429,10.2225316522693
56.13694791258618,10.17134921354228
56.18014314648561,10.21824404095364
56.1309707369982,10.14918402477087
56.25317308023567,10.15045873097206
56.05975386057271,10.15122914244678
56.20686820935502,10.03950465889081
56.22786530092807,10.25454675385116
56.14227659049423,10.18421012384708
56.15666077341174,10.01858650389577
56.2679937680962,10.20816822651752
56.040690666798,10.20687245235762
56.22911715507752,10.31225437426312
56.26486089521728,10.31244754788778
56.23571948173694,10.30182127373015
56.10232376154078,10.11229977069488
56.12123252860795,10.14108890752445
56.27792974348503,10.15126929281605
56.18452034675277,10.08042897712874
56.16267814079247,10.1967540346691
56.15815447616688,10.00640739760598
56.1043077942275,10.07318547949207
56.16228806128699,10.21999287746902
56.14255474193091,10.15265383240666
56.22951086834635,10.22720615141096
56.24255079068762,10.12975937449937
56.06752596516834,10.20703970435312
56.26875673757961,10.30340324756832
56.25078257048338,10.28218837995105
56.20154031319215,10.2594076112207
56.12999812556512,10.16458894466052
56.24266931454198,10.31291694726302
56.03640276738309,10.21637684108249
56.14020054862979,10.16732430265149
56.1528196018943,10.2039696775238
56.13353846510774,10.12539327370905
56.29404571007499,10.25647991062647
56.14237369081912,9.962445196144998
56.16097795285435,10.14840160664961
56.1754447474509,10.21827279018648
56.20277628008827,10.22820702540375
56.14122051723705,9.998803825851933
56.11282049481639,10.14735060221309
56.30134647684181,10.14829411448959
56.09695340292946,10.21572744675126
56.20622559019871,10.27321842144962
56.23558022873839,10.27179698105247
56.14911770978598,10.13733563746851
56.12533867533602,10.06424183069638
56.14096176758792,10.14810712702962
56.17217376213453,10.19109413112501
56.21373444211466,10.00782322799393
56.16258783627515,10.1829228333998
56.24806172771468,10.26749187571754
56.1105307110052,10.07840837637285
56.18512266034544,10.18984765512979
56.19897453881636,10.21526447967456
56.14780216526407,10.13731433594738
56.19399242507709,10.18099990959616
56.09844272517164,10.20945534274101
56.05428775095007,10.21684506292449
56.22267560271175,10.15056189804791
56.0694641218317,10.22802316799986
56.11664578575753,10.22594486045346
56.20506742851276,10.26242665851408
56.15127221403806,10.15073337338302
56.2445387832154,10.20093798560536
56.21014050571191,10.23115122927973
56.15121611987401,9.989396686512919
56.16525730607324,10.11675650916964
56.13270099541992,10.16572766935868
56.19972658003122,10.21119340934296
56.14930299288039,10.20828579243326
56.21314962047979,10.28886286337066
56.1445406224685,10.20130387870561
56.19141869655901,10.24043723238329
56.23289305393656,10.20399161204341
56.11667637510848,10.10882867581618
56.16874878170649,10.17325640035029
56.19725994515441,10.21764836990618
56.20655069576956,10.24143485930791
56.12119373657262,10.12956157301194
56.02916005429546,10.19219439040143
56.00543845017451,10.0468535829362
56.17965963083336,10.19924708526833
56.1610745137532,10.08922385043281
56.15198695924087,10.08092200439589
56.11088614367234,10.0941091888256
56.20822923827458,10.22837376407345
56.25268949327499,10.17349504251087
56.19278168228928,10.12771148464118
56.09598235122179,10.16262401626321
56.08604658629324,10.14241162561581
56.05453146007881,10.17612475131245
56.18572711384325,9.996584795021398
56.1523345022899,10.10396554719651
56.19039604048693,10.12669464405108
56.09662602314887,10.06247896309513
56.17919484998268,10.21674477650279
56.18033238245666,10.20342856623652
56.17005919588512,10.15465747129432
56.02781495759756,10.144324719769
56.14043582427299,10.16551754646034
56.20357366347242,10.13346405613507
56.23095150980149,10.26597346287413
56.0547067376629,10.16946565817006
56.21130617903906,10.15937184253648
56.09628398172696,10.1155477470804
56.22248659726363,10.21315657667519
56.14157746470359,10.18192347103617
56.30388360145118,10.19541192644095
56.13331333835324,9.96449387399691
56.25166156197164,10.17451098645561
56.2255858718673,10.19478436159134
56.12930051221844,10.1444159669243
56.13033402772398,10.21288535604763
56.06310804343426,10.23624052398995
56.29871615880584,10.15274743879868
56.10603521153087,10.22662488519421
56.04396663777156,10.2012271738565
56.16832407709579,10.15479917950548
56.28485699728852,10.21005559978082
56.22900713387339,10.25239404789692
56.21454095467485,10.18155052221497
56.10772435569297,10.09072051866236
56.15088812350552,10.09898896604106
56.06322097570693,10.15049391215857
56.26327154650398,10.3295189861998
56.19147132609556,10.17269235527597
56.11982197042617,10.19978964293499
56.21218470842609,10.17031063880553
56.1204328286565,10.18156300666017
56.06470988749619,10.21491935851304
56.15997999744128,10.18448706696345
56.21593949506274,10.23388755000555
56.08243389827872,10.11716058490481
56.26838221379396,10.20786258600942
56.03712861324168,10.20773355232281
56.16168939762772,10.0969283242059
56.02874371521198,10.1832400615679
56.18075525012469,10.21136497857671
56.27794560103802,10.32389298945313
56.20761344092897,10.26707596816322
56.17628546807866,10.09124445716427
56.13544209644525,10.12978952130161
56.03129634511198,10.16242429989196
56.26945607588356,10.3128035886676
56.06161459996338,10.1007406812273
56.15794163936254,10.11154444963681
56.27520476601655,10.32025948454868
56.13315675602768,10.14335568345024
56.18171452655348,10.07353456737457
56.27535822615938,10.31465460734657
56.3022542217347,10.26080784221098
56.23730630984429,10.30440828563063
56.08451644239405,10.08118318064439
56.28933853361961,10.2177322319413
56.23613449807734,10.15988719503736
56.11283948170037,10.17243684785394
56.15353044883011,10.21831858098022
56.19868691648372,10.23853973938384
56.14937052207112,10.12379525661956
56.18428727760207,10.15445694693451
56.09026375003832,10.18957979995648
56.26019583506862,10.25318017496889
56.22199866567089,10.15730048174905
56.13012995577602,10.12679174989782
56.06275579822597,10.15515152158278
56.08390998811978,10.12969445865588
56.09050512998424,10.10445252387014
56.1561532230056,10.14305361071639
56.27566093921882,10.15028757448744
56.21764598253534,10.28497567861174
56.03383366331388,10.11835089991636
56.28877674768604,10.19494505514269
56.15041560029184,10.17006701583215
56.24240609461992,10.24032017445076
56.15282742479481,10.10042928519437
56.11611606941312,10.19924627972607
56.24892740239356,10.27092524540447
56.11219056015832,10.07097940893019
56.18932522736694,10.11036660937118
56.26142408155066,10.20672255489015
56.149461577659,10.17948949826707
56.09555160665436,10.20964329053655
56.26192643949365,10.13359474303599
56.04758042632152,10.093728190445
56.23430687988184,10.31676804962354
56.1720508533184,10.15452872184153
56.12635703103059,10.10470462018731
56.19460062108754,10.07336374949882
56.23731317114466,10.23395710306108
56.15236394320864,10.0793265346307
56.04610865443598,10.21618858165871
56.0982233003559,10.13948150859411
56.26786807178224,10.31491512092299
56.26304354364728,10.26767948013812
56.1875962904032,10.15338079728854
56.28264250614966,10.24573159108561
56.11762248137469,10.14017081770608
56.04279516517408,10.10198283500318
56.23104056634902,10.15565611098078
56.20463085024605,10.18477868672498
56.27239044266398,10.19862182003582
56.21249638636576,10.26483002023739
56.29535513308131,10.2584589410667
56.02221599536691,10.09729449718298
56.15565226229653,10.19933941452608
56.06150838522733,10.22167858936135
56.09316792162936,10.24019899623262
56.03968597858304,10.20646614653912
56.03896298203476,10.24682448287673
56.10717600606792,10.19113556706631
56.07147769782178,10.17269584410739
56.15453452589969,10.13877208397822
56.06505826057928,10.20733793944039
56.0640579192628,10.2201803000201
56.11710724906111,10.10725691876416
56.25902468671225,10.3358574025786
56.15262534646438,10.18083857979915
56.18349318085347,10.0871112151772
56.17063787300238,10.20387379209879
56.09670391402879,10.12677146001507
56.19060961768162,10.19119716887357
56.19809719585602,10.17859507774887
56.18721714435554,10.12069450796574
56.25140284468569,10.1982462458189
56.21459151209951,10.17886048375031
56.10809928016453,10.12487751472694
56.13454542705173,10.03581728441697
56.18605160856072,10.14786905369249
56.1395334247581,10.2105461816717
56.25063285605337,10.2649263760928
56.15701982645782,10.04532623180249
56.15495290870408,10.14891628869863
56.22216738431308,10.17222860034293
56.09299675684929,10.1097284007304
56.20008278048782,10.04678810543456
56.17116136325641,10.20157512478216
56.16848267188079,10.15219217958763
56.14640381077574,9.974977019066062
56.08604180913043,10.07993290063941
56.1644124700629,10.11234036520034
56.17639316329713,10.2146901617824
56.20385466056626,10.18171913891925
56.18583369152084,9.996859173480317
56.17494005074456,10.11512489913245
56.11717499196106,10.18195125518947
56.17682352304407,10.18670890333634
56.14666862755806,10.13509266979771
56.12853628133466,10.07737042052479
56.19903975523734,10.20845186474529
56.16397224002581,10.04807581048038
56.20749565123548,10.23038699856766
56.21151317585611,10.28143323984954
56.19364757944898,10.06851897258116
56.10829913962138,10.18142398169749
56.29801137863104,10.1940490157397
56.20250035407951,10.07875426980656
56.14884025803061,10.21040765997512
56.17419232785849,10.09477047832243
56.07313937009451,10.13497076560994
56.09104101625797,10.17170151102255
56.0531537614785,10.16527180849447
56.03825003526864,10.08890867107955
56.1067596156492,10.22304876858916
56.28791830979074,10.12749781345959
56.10773204375967,10.20107425852603
56.27840900016733,10.13536157781505
56.27962570205001,10.15112721462063
56.10083049156623,10.14359375301687
56.1269160372137,10.14571731399415
56.17513875892281,10.11680657285073
56.21323416576678,10.04856269214066
56.15410897086859,10.10336705943245
56.2287560968948,10.23590142577856
56.13847392571871,10.05016724616806
56.12278405207453,10.18312131235097
56.1783974598629,10.11748960210783
56.15546709049382,10.1693468558943
56.03692173877592,10.19375176879386
56.17009177630882,10.15243580569375
56.19937676737665,10.06165212839278
56.22614693403312,10.23860834992294
56.15521215737069,10.16332164169912
56.13309897354059,10.0784622005628
56.10648575604347,10.01668103837541
56.16126464628402,10.20510340140272
56.21298238290309,10.28503634274415
56.21534277587142,10.14744061680364
56.15636615190665,10.18640046408734
56.24667289367233,10.14742238258066
56.11085181938979,10.15398849681097
56.25653948304252,10.14171931964487
56.10802613399042,10.1840981011599
56.24357571140173,10.22464499481707
56.12107651198831,10.01681487255996
56.06292079312229,10.21651282552171
56.24333643396561,10.29089352012336
56.20707936326846,10.25805390007955
56.07163071121045,10.16778393102762
56.16682838179199,10.17458725104598
56.10601082100074,10.15550851401476
56.16762205818959,10.10494862206797
56.27109904116295,10.15356055471825
56.19226124135176,10.22738177658783
56.00962450271366,10.06108273210654
56.19345957225977,10.20610532052321
56.05677701580948,10.16781017795849
56.14119408694011,10.10631544269155
56.1359108192903,9.99181437496367
56.16145148234535,10.08796056559432
56.12032958464257,10.19373724522036
56.26061866813104,10.13819047759572
56.22418839092553,10.28889382427566
56.09856097128711,10.18825526784193
56.18438385725612,10.22988961900211
56.16383274219299,10.12815028590898
56.25256171803141,10.14727976717933
56.16083561922086,10.14298709411578
56.06997677521439,10.16301866869263
56.16318005987213,10.04784022541928
56.28575151211006,10.21179854056531
56.12209022553573,10.18753020143357
56.14578357487651,10.15123165614171
56.09485823070987,10.08579422264944
56.25736633039445,10.27522707881217
56.10905005610133,10.04772249459758
56.1523383275167,10.0789567240275
56.12017186611588,10.12021735622238
56.15735283723442,10.13404190782952
56.18610340094672,10.1915244262567
56.00933080297042,10.06002780478974
56.17873054066328,10.16241783420547
56.19157488670954,10.21826177507729
56.19174212484684,10.08248523857506
56.19284126193084,10.22808915090277
56.12476393621849,10.19141132590012
56.19084169277102,10.11943814018248
56.13478092568386,10.16517119060886
56.00982467058879,10.06222070736737
56.1125269520901,10.11509359276338
56.2100220907399,10.02040784170495
56.19118659286981,10.08742880271901
56.06452003575603,10.09485155242935
56.19225141413384,10.0628307256391
56.17670681110233,10.1680275004856
56.27930373948674,10.3102844087296
56.21270637865208,10.01312132585768
56.16924006731196,10.0490210139779
56.0367129794881,10.19482407453477
56.19659651551834,10.1963182392007
56.2171170838591,10.08442654172238
56.0916961150627,10.14677360440898
56.30356092186602,10.21191321336026
56.21814848656554,10.26059068142606
56.1077847558747,10.0317075154654
56.15186575152416,10.00882682876813
56.16126243821963,10.21022067465231
56.18839724395505,10.04096763083546
56.24064648238686,10.2359739868559
56.119897321648,10.14169128237926
56.20661941408887,10.21602117244879
56.29692038699473,10.15125718592602
56.12124726197866,10.14040263534795
56.01787526118821,10.05624091027955
56.0237484097303,10.20914114272192
56.27687570043088,10.31644276338722
56.16742566366761,10.16620654134485
56.11220760466874,10.10919530832951
56.19171504908936,10.08480733182965
56.19751179180541,10.10767865618115
56.14510772026411,10.18122830843083
56.22792224635855,10.25469009093228
56.07649675839421,10.08792040757637
56.20812564131187,10.03852298590659
56.11335235920969,10.11427914235594
56.13635190914698,10.20249930520093
56.16061304111864,10.10268417953346
56.21001753393483,10.20036851324005
56.22961499472152,10.18350943225573
56.24599619835857,10.23554576134956
56.06382790350115,10.15530896769656
56.13168487343139,10.12931026556058
56.28602739598388,10.21996775599527
56.13114697218376,10.17960711169331
56.24694673112299,10.26569451497432
56.1419757800372,10.01177743564846
56.30243543418248,10.23883580131828
56.14330522971986,10.23596321616162
56.1900552643972,10.07058680218065
56.18966264312898,10.00671703206174
56.06767498634076,10.22977718351218
56.05726440288273,10.15682985134623
56.18418589998749,10.2155633329264
56.19672453127866,10.17261541893967
56.30188154380916,10.21176744492039
56.17466288652955,10.17444277598044
56.29472418966632,10.24692550770978
56.27100416721412,10.139431893913
56.09291787900246,10.20534046741043
56.10877021661911,10.1331351439231
56.10492929836915,10.18022864705448
56.24356105391585,10.14612336927
56.13887147695636,10.20517623986304
56.20554368650577,10.20810018881813
56.23417457036658,10.29519217234933
56.20544395178324,10.04436614797256
56.16512338845995,10.14642087091356
56.05438343433916,10.20079843635111
56.1643713693054,10.16369799781286
56.12795249771956,10.11462735138134
56.13410160397377,9.996670557236948
56.08262878409754,10.11751224328481
56.27082318366548,10.31631185603597
56.18720194172021,10.03046522726969
56.14319774405281,10.20892741035501
56.23529071196678,10.30700550939032
56.07077502987168,10.22148451474552
56.14906004643673,10.12674188329273
56.23697763315818,10.3284531224364
56.14796298873126,9.980976394167175
56.20290054824599,10.28225660327311
56.26098112449127,10.15371808962362
56.11356481370468,10.22051405332569
56.18457394416298,10.2142308492993
56.11589056328745,10.1813910392084
56.21735088592832,10.16785186876051
56.18315393272702,10.07359562263893
56.06463805765252,10.19176366464944
56.12233097522647,10.19041571830735
56.11854508777303,10.15848193332812
56.14409671623055,10.19164244573128
56.08509974834574,10.24438772403394
56.09268703854329,10.10904913841617
56.12670231113738,10.11518093318105
56.17329272015176,10.04360487297872
56.26306806883592,10.21707470456944
56.13562727885981,10.14599011050428
56.29748289343852,10.18693826983213
56.12957362840529,10.10506869377161
56.24468678710802,10.14545713418161
56.04002374267517,10.18962659355883
56.15414228621891,10.15048044725346
56.03434650420179,10.14430871105801
56.15648079474975,10.11862750249249
56.22447298457806,10.28875108378675
56.2920635564772,10.13569722695382
56.20243545738275,10.20852121638309
56.15393626830708,10.09969801195143
56.16561131604324,10.16555029949044
56.08671650387765,10.16760609174251
56.13643291718429,10.19860499211288
56.29132800068393,10.13275921189353
56.03340391473299,10.07100083995947
56.11049148273283,10.17446363775898
56.18197178259523,10.20728796023759
56.16859962423942,10.20594618934584
56.21087387560127,10.1691682743959
56.20379385506165,10.21591676480702
56.17739834805639,10.11442040199192
56.15425578041273,10.17761805309962
56.20091325751673,10.24567847375298
56.24590879838729,10.24020190716584
56.2749025736099,10.31244882671875
56.1780244029999,10.16010297049099
56.16209131750989,10.15505232604998
56.1434401610713,9.988322804856926
56.10799213048072,10.19863837795641
56.28354818990044,10.1431624619917
56.19572286545418,10.210045135548
56.26102204262253,10.30478515178755
56.22133035985459,10.16802887458779
56.18021744546835,10.19539791788992
56.07339293674426,10.22351553964484
56.18332611772925,10.04983239242164
56.23161724592173,10.25111441547501
56.04245620117163,10.18657935907994
56.17684740985377,10.13044022889873
56.15864082893184,10.11453905864461
56.16901876424274,10.10448580284622
56.30060374672745,10.14372886992228
56.07198797556796,10.16338123611027
56.18820958313172,10.03933862722943
56.04551180108861,10.24008324336481
56.23272455514981,10.22499941626421
56.1490103201762,9.979285308890791
56.11430359052372,10.06379669526194
56.11573089635346,10.17735184442652
56.08532761718662,10.12795356295031
56.1287550468584,10.21004547774075
56.14779644077979,10.12504750256369
56.05915342936409,10.08999845513185
56.09779923018669,10.17845646449751
56.11058471676827,10.13569298079087
56.12576433415147,10.20117594333988
56.21370262343417,10.28946677923116
56.03761188626157,10.19649742343868
56.10632518608176,10.15856336585269
56.05963413707217,10.24268175145623
56.15341060570299,10.1312853812665
56.12953385858345,10.18701683808699
56.24924099359707,10.20593307804096
56.23998460593208,10.14359786408968
56.09219980793888,10.10709429801468
56.11511802246599,10.03860689625536
56.04984706073891,10.13578731880342
56.25096407397228,10.26167636376666
56.22463039136537,10.13329888007293
56.17346034733436,10.20612345678602
56.1275388330515,10.11349511067264
56.25450108278844,10.29978248007514
56.28241257265637,10.35039778098804
56.28248834800477,10.32660103979586
56.19330550574345,10.2388264382799
56.03955029015295,10.18206726864187
56.02842562240757,10.26257268752083
56.0154346553842,10.0787671149017
56.10098498232882,10.20799700275057
56.2727075886367,10.27410331137458
56.1851513655348,10.19680016794238
56.26326093563513,10.32998912331111
56.14417889810372,10.20144506123264
56.26192042522632,10.21217122085814
56.03469129099069,10.21572431835614
56.24212226453467,10.22545409360765
56.11297303915245,10.14377731430072
56.13480802019519,10.11429791014762
56.12868401685793,10.1138790429726
56.03151888547097,10.23882241967367
56.27761809126911,10.28875335374334
56.15526242846184,10.03786878992695
56.05447755196013,10.17931537228459
56.13250764046314,10.04035505372867
56.16516696080072,10.01146206472167
56.25785013369954,10.33309649102296
56.11644019908429,10.15171962581134
56.18144428260987,10.1879244886948
56.13797329549751,10.07896394925928
56.12375328290854,10.00180181688564
56.18950114835518,10.11074647273858
56.11863071293757,10.18238568552787
56.00263678515803,10.06542483125145
56.03955124324424,10.25081732338379
56.18188801910527,10.11202576121132
56.20818421903883,10.26916863972192
56.30558945254693,10.189115908051
56.07095646088368,10.16946658186258
56.05754889968424,10.08853971411633
56.20546359509182,10.13217324231728
56.08300686924042,10.13254048239478
56.16842527380676,10.17908332616711
56.14007230860887,10.15447256429463
56.04592966294232,10.09603614359242
56.2318800843655,10.30578298570094
56.19410252221331,10.19364670103348
56.26740391604283,10.282425811236
56.20101070637723,10.24924319391657
56.08242628508328,10.12659191474667
56.23243621408966,10.20562975031054
56.10990537012639,10.12073045293832
56.05307749075233,10.26141589229998
56.0453968994678,10.21744578853953
56.1888911993925,10.12318611424379
56.04567917260442,10.26306947507658
56.13006938599315,10.17064648210596
56.18452715060874,10.22891950310835
56.04355388253541,10.08512186072905
56.10895713522775,10.15300375669533
56.16576036376203,10.20809284106278
56.11451920950289,10.08860611049069
56.23964653965209,10.33387588636002
56.07483112636303,10.2105233189568
56.2093162532013,10.17786159248184
56.10449487836993,10.19953778607493
56.15490469146577,10.13722814650754
56.09535056615739,10.08158909635899
56.14836129239807,10.17865866101624
56.17676223086929,10.16696683461051
56.27092635673091,10.13709929809082
56.17777797375307,10.13624011367618
56.17636570018861,10.21430260051667
56.13190835745214,10.19293301117376
56.14428413138836,10.16963615439629
56.3168014292416,10.21736059435696
56.25488396331665,10.27403002897966
56.31933576314393,10.20597738056271
56.10855892694048,10.06467964153979
56.12298093933097,10.12205475013695
56.28121620880664,10.32548184361536
56.14544761206676,10.20446249156115
56.11863634734081,10.18006523782056
56.12431238314775,10.11422231491481
56.0534435004602,10.21478601832446
56.19052838443164,10.17468852493553
56.15674507609308,10.05969974265784
56.14780284694309,10.19517878185343
56.10630524866248,10.09669035721183
56.02980500930667,10.15453533495537
56.2501385680409,10.26777276690357
56.15392183327451,10.14732702042959
56.13511281435933,10.13911871014161
56.11306048670482,10.12387891818312
56.02436634577028,10.26088914197211
56.17523222399997,10.09768165141426
56.03519044448938,10.19826540882546
56.11868846361165,10.00154567095341
56.04567236118541,10.24024323759971
56.16646914131677,10.14701026099123
56.31499601005229,10.19189888986719
56.20740214372272,10.04095744477821
56.1294599291649,10.1512046434153
56.17720801585204,10.18595178799089
56.14786698825805,9.97909072614342
56.05917898319748,10.10292139752757
56.31697123032946,10.19940187763622
56.14691927759562,10.02609507965483
56.08594075434812,10.12164700872291
56.26449598356981,10.30260632761145
56.16928813697293,9.988521838145937
56.03767314498063,10.08970074481228
56.18437638590011,10.13626610554673
56.19721235733623,10.22578825838142
56.19117100625004,10.06315651833847
56.14981653515478,10.08973031767003
56.05855257558425,10.16302963052508
56.18037001160303,10.21373505331155
56.09941963426106,10.13992113610595
56.15195952671927,10.01143728238327
56.17461588787691,10.06331837326586
56.16120733389867,10.00144189524671
56.28964227448718,10.30323799417501
56.15975705444163,10.18982902831321
56.11049355477465,10.21525792851149
56.08264175964432,10.09501323879742
56.17550873449747,10.17390907775598
56.17549464418174,10.17472828133583
56.20415957628492,10.01741548978822
56.05979634315254,10.16229658180711
56.0262934322555,10.14775634928472
56.15061259218436,10.08741827574381
56.12399253862695,10.16329900355037
56.24552986633743,10.26800961686038
56.19944410886383,10.13809959830847
56.17964585527139,10.11265136029491
56.05454558775213,10.1740839909759
56.11344056345827,10.11418505388847
56.15994122233123,10.06206714785644
56.18816462594172,10.13283934227878
56.11909163314247,10.14889641453244
56.03002476640906,10.15694124078355
56.23700775259496,10.19905498972117
56.31594559724348,10.2076184616956
56.11926805456656,10.13381024920762
56.14786658044234,10.029842174023
56.24074904777312,10.24286472138336
56.05321021471383,10.24139770112374
56.08278344530033,10.10265169121903
56.08441382227036,10.10703667978727
56.11750469572443,10.19763807195863
56.13741162296447,9.96564472238752
56.12478635660446,10.20255397980588
56.10321424205145,10.14779860119945
56.12126281309028,10.13970227809268
56.04018664872092,10.19677521534109
56.15376284144146,10.15237015402791
56.20957713396277,10.15740493495915
56.06478100831936,10.16302144435772
56.06238980684003,10.20597816624169
56.20965444605448,10.13494991804826
56.18405009195733,10.22507090156847
56.18350629056199,10.0490696699258
56.03793972506416,10.21717170272881
56.15960939313884,10.21627080136797
56.10681597402736,10.04001541882372
56.25300947460611,10.29996378336612
56.15086429903231,10.19371994772317
56.16079636124196,10.08881576267802
56.17632887235859,10.18124686930071
56.06387794828098,10.20580326724761
56.01545191272016,10.09162502862769
56.11312795652244,10.13535484614268
56.03975417884,10.1861568561474
56.10322725501616,10.20972704101451
56.15463757151085,9.977077839610377
56.28245966492497,10.31416242157102
56.2739092174311,10.33124358536364
56.12814600104574,10.15468997763613
56.10416773870125,10.15407191401657
56.2466391799,10.17025508938242
56.1600642382294,10.06525183428113
56.09125846956288,10.24490569148055
56.24879169265681,10.23895465832491
56.17562974275718,10.20157430208232
56.18908100244271,10.00636988399482
56.17361041357501,10.20434777735374
56.16973131359628,10.11908386446129
56.09606921485833,10.1625754994144
56.15135280513522,9.993546241447866
56.17783988065941,10.1788406684107
56.15865407058373,10.19312400972741
56.02917253743644,10.15468456041614
56.15143134207516,10.006896516754
56.14242265683485,10.08936591037416
56.12588546629794,10.16978730492126
56.13292263317189,10.1830291603157
56.19800900173411,10.23120614448229
56.20312722291597,10.06746925440639
56.22787621673547,10.24899958490166
56.20531793098206,10.22365950406397
56.15328037441973,10.10053577711895
56.06518734209699,10.10604866354058
56.16384197499199,10.17808524142231
56.27552832062276,10.33148605128341
56.12001629199229,10.13863553417672
56.15037303460452,10.11555488159936
56.04956359506748,10.26308938477201
56.21793442752075,10.15028714749459
56.31590036689152,10.21707950521523
56.07324998441594,10.188810076026
56.15844862102957,10.11109118705051
56.2394531495457,10.26377408225775
56.15738065489232,10.15180544718495
56.20600986748481,10.26512338206252
56.16660452072024,10.094018584382
56.16582522464125,10.11115808240458
56.28406006856131,10.32558508645618
56.16067090199929,10.22251071120608
56.21436064172432,10.2649102655169
56.04892067764411,10.24236028812666
56.13020932880671,10.15839029811526
56.2854472555204,10.33105762338656
56.17120416588035,10.00994654734011
56.15243083622529,10.15064883411128
56.16441168054381,10.18708868010484
56.07777338641113,10.15824771918729
56.30078021401415,10.21448415302111
56.08935692109164,10.14834718123275
56.10485966908164,10.09311529865237
56.19597823292233,10.20835369594012
56.02736514253027,10.26338204451577
56.19324496165819,10.18380499456232
56.17964348698719,10.18193408517999
56.22875232151775,10.2587644868308
56.23172354637452,10.26646772253681
56.0405324019543,10.07330010101415
56.08698954587078,10.1372645110965
56.1151164092016,10.15101505988141
56.14989447239051,10.16030405639293
56.25196583684418,10.24473046397429
56.18447678630645,10.13581394335546
56.17574404445843,10.17072865729159
56.12200842693029,10.07876129103777
56.15323357169063,10.11681838553814
56.14964810769268,10.14738657004996
56.22003368057525,10.12779732432258
56.23436784016076,10.24027545542022
56.20609096530799,10.22133265197957
56.11249140568345,10.16402614817877
56.2442639167409,10.24604750185087
56.04127579146608,10.26029943999534
56.07719850998983,10.16945165734536
56.2984662453417,10.19843731676011
56.0296945657035,10.25617286268798
56.17391892142977,10.10817301883648
56.13654985906854,10.11490205289488
56.17366122427328,10.09814474007261
56.12217463957463,10.03286745968553
56.03981999239635,10.18681823513411
56.19806851828262,10.2484000717286
56.11577701432903,10.1857870361927
56.0362435011998,10.18270562441491
56.0904749101776,10.13861778828646
56.26195855511808,10.12927568249504
56.08284345436628,10.13127470186287
56.29994925046548,10.20409194416429
56.18339350325815,10.20735348177284
56.26697108955737,10.217258922894
56.16940298192255,10.18126276586801
56.15671132372166,10.16657883197056
56.22811208038651,10.19819563084594
56.05576884511775,10.19875502338127
56.16486155712391,10.20639320582278
56.12969469494269,10.18716796401131
56.13414335146502,10.13957627331671
56.09949221705407,10.20560785206509
56.25460143509628,10.27352975320795
56.14126122428576,10.11549176582158
56.18113078695649,10.20281889804895
56.07716427588599,10.12201745730622
56.16171603784934,10.21277194979152
56.10262177852716,10.19855299912074
56.1597374568243,10.1045481817794
56.11469688383891,9.989523787481387
56.19208719932288,10.12438664784701
56.15296515750906,10.19325174253753
56.2752855310509,10.28213848968216
56.00417145726159,10.05907702368564
56.13234838286983,10.10100529205995
56.13659479731996,10.16127694172699
56.19541236603133,10.07325651920355
56.03277275724523,10.21314515115299
56.1945141703359,10.20795440799842
56.12970238699463,10.04142647897469
56.21858288805149,10.02579132244046
56.02962015100796,10.24519716628577
56.16120044799818,10.12322356286318
56.13771845101384,10.18854913518621
56.15307360695034,10.01776751092405
56.11592091866555,10.20124867162171
56.03706841077896,10.18199743633446
56.21182557930633,10.23473782587151
56.20852777130995,10.18436386518704
56.23194081842724,10.28763387259621
56.20421286824179,10.09935542528515
56.03516919175613,10.07234852250951
56.26913187553576,10.30595197719187
56.2666689351681,10.28230780896407
56.17663541619989,10.16489327877018
56.12567293888733,10.20633027114885
56.30932611771816,10.21429924262973
56.18245917535627,10.1140714873555
56.10937834661119,10.10152272330767
56.20989165820917,10.23949588383594
56.23817513470433,10.19228294673512
56.12576749939868,10.17453883152466
56.04119122487465,10.17000036518786
56.27014204945115,10.32868916176521
56.20945300520234,10.24120867276122
56.01861042910451,10.13695431790404
56.09981172553709,10.0703005903455
56.03984834453622,10.07556236151779
56.12221699494707,10.14363213657287
56.14972991934114,10.13575049232377
56.13018194082817,10.18831776204757
56.12777984923553,10.07173135037397
56.06744274180019,10.16152232571598
56.15908605650202,10.19266218837494
56.13807032900294,10.17849071842594
56.23799874368822,10.20333819061891
56.03770016999231,10.12424680868317
56.29085288646242,10.29741615735849
56.10228280707313,10.16212064878548
56.24386899996443,10.20063555042002
56.10483382426399,10.23344205803497
56.27922409131007,10.23613181768391
56.24558766895926,10.27121712833803
56.20270556084559,10.2769696965303
56.17615530621434,9.983488106867235
56.2131109994581,10.16273749262445
56.02961834110651,10.24404135652076
56.12443174287214,10.15456377763851
56.10166734173394,10.11196878306821
56.09717217687786,10.1372464005253
55.99639044063753,10.05084582395804
56.15285221104664,9.992206265298018
56.18237224799554,10.20042272233082
56.10906294538573,10.03395909719317
56.17888275971938,10.17916069881556
56.15301825270015,9.998770994714636
56.15010463786616,10.19797965367334
56.20740813373691,10.2367869104994
56.12919345469572,10.03439139508141
56.22476150770465,10.13558758700479
56.17203614404888,10.18423853131868
56.12171896993825,10.12812372258468
56.24943889545816,10.30227952008853
56.15304755255218,10.00232211681629
56.16297016420095,10.18950665116488
56.20339442025375,10.0993561802937
56.12756044938892,10.0116095910267
56.03656229552977,10.10633743482534
56.26742420513728,10.20128469816905
56.17781550696397,10.17898593999371
56.16509737875546,10.12246241242689
56.15466040693138,10.18934103500994
56.1714126636725,10.18179959770585
56.19966206082077,10.20671507189158
56.22191703574421,10.29189705320056
56.22106833554137,10.2955199792644
56.16251788384381,10.18442064219605
56.17844013878323,10.12411278521595
56.17789902665616,10.10691197550503
56.12212286258623,10.00492054159897
56.11689706169551,10.21052173607576
56.29243665945808,10.13446634939317
56.10761399290771,10.14993810981888
56.0284609805109,10.11783191460993
56.13035333771465,10.02867245501888
56.01252109926247,10.12007887910992
56.20505528755841,10.21636706372327
56.1042779027355,10.09505726224589
56.20119959404541,10.26034396827371
56.13208233081959,9.994067241527592
56.14854570151107,9.970319428404121
56.2987084497889,10.15124605289813
56.16719905217484,10.16080356036895
56.2361245828684,10.29733414589385
56.24384306895778,10.17527438526024
56.27660521473828,10.3110390686073
56.21504671760532,10.28631382398146
56.25192247783229,10.32316296477358
56.14064658095176,10.11842247863832
56.18177474305055,10.16386786892773
56.0781572197505,10.12085810151253
56.13256343901737,10.1477380635987
56.10924166480005,10.22323545784422
56.19377891026453,10.21753392047916
56.03274039355245,10.19952096549738
56.05447554950761,10.21685542215362
56.20654603290593,10.2519326181547
56.17650807168904,10.17192407040156
56.27781711904334,10.15127839641577
56.18182419423536,10.0690242170567
56.14846428142345,10.16290498874155
56.20731243992028,10.0667915823693
56.05672632576503,10.15841081683873
56.24084034858421,10.22676714306685
56.10761269495268,10.16970160790405
56.13435571447544,10.18989781257643
56.1604762415577,10.0720357491587
56.15442240983719,10.04371531948612
56.19575843687585,10.24292371034456
56.16629541364318,10.22742135557335
56.04348665081529,10.16354247988961
56.03748505536172,10.07564163342944
56.18832326186363,10.11500602184771
56.10364571992393,10.14111032822049
56.11921851347336,9.982594941650438
56.03773062203279,10.05837334320441
56.28228931811673,10.35411233740724
56.03636184491715,10.07606373921323
56.16686070224955,10.22614529459095
56.03486437968451,10.21583003696423
56.17759980350817,10.12221309075105
56.14397298669493,10.21405453263312
56.08731183822416,10.07887091887505
56.24036042580484,10.20416499054627
56.19934471508609,10.23766263688777
56.19881025445586,9.998672057003514
56.13824528285244,10.11418403736781
56.15901230340505,10.08777806154886
56.05928603222755,10.16176202376158
56.13718641218586,10.16332048184611
56.19972540371542,10.1776057407136
56.30314192571018,10.20338448949525
56.10266751971173,10.15185980083415
56.15210991168588,10.01595470033009
56.22671020057351,10.23529044873165
56.17221723511256,10.16498375004767
56.28900555438246,10.1942263392522
56.28848583789387,10.1283303992694
56.23929560540361,10.23791166095609
56.22913836818925,10.24087320272892
56.19508667150855,10.19381253611968
56.16870581247559,10.16175413417882
56.20670174211192,10.18952810112803
56.01934610095033,10.22846345206517
56.10844462675356,10.18576565601115
56.11102071360716,10.08109052804244
56.08356499681543,10.12521850830054
56.21951737763958,10.02642558727026
56.18877799688929,10.12919390527303
56.11245245094618,10.08857956797046
56.19389798731936,10.06801289606555
56.01879517514753,10.21070417049208
56.25625897086641,10.15984025782223
56.02903591155702,10.18610415395187
56.10348775881955,10.0731217023508
56.14892453009428,10.20273223615352
56.25369635469644,10.14570449473112
56.06347697056051,10.15953069027253
56.24643254159404,10.23628278566217
56.17280142810748,10.15998449260342
56.1846949311212,10.19014225246215
56.11306187310185,10.20947936928802
56.14118243508533,10.1032162084838
56.20361153075352,10.07994800699573
56.1333620786224,10.11623782304607
56.16158455547648,10.17945047587157
56.04123922456208,10.08280547011484
56.20552195253868,10.28097461265515
56.13091494422314,10.12830241009579
56.23631631585135,10.22808017340154
56.11652352322866,10.22750083143725
56.12455165371363,10.17156965815983
56.27402328207583,10.22499862660848
56.24729941823331,10.24410630132263
56.22204233151517,10.29505162630666
56.06010150171959,10.10304321413228
56.06927045999471,10.13307361220114
56.03595283676393,10.2161043964294
56.1777156848002,10.09428648106863
56.25293088526044,10.1551147396146
56.10329827077223,10.07798420170577
56.28327213734192,10.21547968462077
56.00423881819133,10.05454051978528
56.29616823539587,10.14632091341343
56.14350292257433,9.955964016545458
56.01894536322501,10.11959194171871
56.27140345540413,10.15186684028567
56.28998565329272,10.21509915997648
56.2270848817874,10.23053236467849
56.08956985903367,10.24266045151624
56.10737381682428,10.14493188019029
56.11703769406145,10.12574541381957
56.1909796880697,10.05617242509799
56.21102170631566,10.23568024686942
56.20224245955183,10.24053428795284
56.2085960958038,10.08645384244012
56.09665071899443,10.13694536746151
56.11437094559228,10.21110731914526
56.12567393794393,10.17324393380986
56.18472407264946,10.08186321107676
56.25217670795487,10.24364047492363
56.23235696690647,10.16092325285234
56.06298150379575,10.16026414511401
56.17514781862491,10.20037732904476
56.13283529424734,10.20891259977343
56.1062800577475,10.07150661300969
56.18719101205183,10.17004116995332
56.10484394572565,10.04627076777362
56.14315517083772,10.14449850863863
56.2301638739411,10.16149617845277
56.12694136361123,10.21013531451349
56.24241229390505,10.24324377639815
56.12758546705397,9.994352977754192
56.08718610122498,10.16376085865421
56.28437744775596,10.15073306215879
56.12831571406478,10.20497126816376
56.10487674806151,10.09327652227393
56.15175837823848,10.07016775904148
56.1622808597462,10.09279770134741
56.21595755633638,10.26866714872172
56.06996806404671,10.09932497972025
56.0893455216486,10.13360520294614
56.19575882995464,10.10953252706539
56.222375562215,10.161596838878
56.14778220530339,10.21250534819503
56.14252836652471,10.04115673967605
56.21357097454598,10.2663956729868
56.1450298095078,10.02479657088772
56.1084863804998,10.1943553364953
56.12400512887279,10.13713076813079
56.03020918819392,10.183210009792
56.12238276405191,10.16612730925294
56.18303459075094,10.16663332392599
56.10162245658884,10.2121238047671
56.17558283018366,10.11426217740919
56.20288894649856,10.18896790540608
56.14441929470012,10.15670023198054
56.2133462477057,10.04742750896748
56.17171265469136,10.21447388091482
56.09230176476768,10.20870669434761
56.19046423570673,10.11395536503055
56.1183172837882,10.00078311764892
56.20896304058337,10.27343290513241
56.12136753345838,10.06760422777135
56.20503329499746,10.17950380859399
56.12677890418622,10.17143661952657
56.09464812540232,10.21649186744691
56.18225421262037,10.12535542558107
56.23145957508573,10.24153093953261
56.02913435100476,10.14345270032828
56.19395012044059,10.22091603268336
56.15845787385111,10.0696567140408
56.18859500681693,10.08947870184276
56.16298737954518,10.17068173756084
56.22707815355773,10.24718525538213
56.27189991308988,10.31794005600956
56.11126681503028,10.14736435838483
56.11258786246355,10.09480526681191
56.07602053659711,10.11311400434875
56.1901077450833,10.12312628345751
56.19935789468271,9.998038850255638
56.04603334750212,10.09111102131019
56.03602880967676,10.09932217089685
56.12681369410747,10.20600602368666
56.23443941466059,10.21955371041594
56.08343157169403,10.12564431661051
56.08395123060354,10.14528714130565
56.10855614595405,10.16987340378936
56.17360544898329,10.15746075737581
56.15186384986139,10.10448728294056
56.21118907343924,10.13548653201565
56.03146632042049,10.10513847087079
56.13113543122682,10.11637902325321
56.16986626418731,10.00393697394928
56.21764866911629,10.15792681641939
56.10402790752169,10.1469300334857
56.09420008659516,10.20965601582959
56.15529567599781,10.20228002844211
56.15634954189494,10.18590949343966
56.10302739630446,10.0628133774073
56.04169748147709,10.18701104708624
56.10832938116348,10.21249773269628
56.22823500912403,10.30605094910928
56.30187673281654,10.22681008255989
56.12417303268825,10.20808655352745
56.11010051646048,10.14307119017096
56.12348881559218,10.15391761396309
56.21816014697662,10.16731742512519
56.25390351030246,10.33074245682987
56.02940952459648,10.12663252566949
56.21102949228514,10.23676558260915
56.14281945094289,10.20675266480531
56.03443114438635,10.07353708337733
56.18389767305107,10.12867893256634
56.21079157905073,10.15350205303377
56.15120059565078,10.15083635397866
56.15359884666353,10.18264587228313
56.07081959481051,10.15492070974182
56.01263095448973,10.05584010014714
56.26197127551504,10.21102861710843
56.15086086073235,9.98522893195466
56.17774542359231,10.14626159202731
56.13377584187981,10.18329189349986
56.25517876785623,10.15944144435742
56.15451367842586,10.09268456043741
56.20664530610031,10.14453758368074
56.18449587088887,10.16650839374626
56.28695029883891,10.25272647845065
56.20597031566412,10.18050543658731
56.11877277997265,9.988331078941714
56.21570173131282,10.02823958736647
56.29680826146458,10.14893808089947
56.0817007959561,10.14394963887225
56.19138641887358,10.21867764111341
56.10527834808553,10.20603404848413
56.251793291103,10.14353478425323
56.14884889666641,10.20670517924671
56.20646301727883,10.18011666491772
56.25595713968801,10.26496349241136
56.14663502508692,10.20796871595363
56.25779483620509,10.33322084283218
56.16780236384155,10.1934459188942
56.12371976658794,10.180325801566
56.13475285915524,10.19530543987626
56.10633787130578,10.16701892331192
56.17446884292816,10.18417267589274
56.11809805324962,10.16418017136071
56.1417771063848,10.19571190363178
56.30077401100268,10.14359207417331
56.05712412508998,10.21167178594165
56.1636714616256,10.21012424305265
56.25755068069914,10.28678658716482
56.11038736963156,10.04169665903156
56.12707261491348,10.16792429649845
56.15656858494071,10.20788327869464
56.07123633596807,10.16460059783454
56.17457174722394,9.987224803282222
56.06007870459016,10.20585318821575
56.28500563911061,10.3119509169763
56.28040785419011,10.31772552831444
56.04360278914052,10.20370279241654
56.19734923543012,10.25090286981211
56.10706502062764,10.11655889518151
56.14774350042479,10.20565926064557
56.11523403706137,10.05472407061934
56.02779236548319,10.12763466214982
56.24023906658767,10.20945742571246
56.10158287794779,10.21487179537635
56.21022374734769,10.09119999204468
56.20270936642905,10.01681168526132
56.16719603101767,10.18990659713985
56.03476105714594,10.17577811128285
56.1734274416205,10.21529018868144
56.11030333402249,10.17816752537616
56.12079173240556,10.17959476165207
56.15474569346696,10.14687710359252
56.26961146607143,10.30459351000048
56.2557354816333,10.14704991005714
56.18168431250255,10.05477326266629
56.19882386264881,10.25488035833241
56.20643605330035,10.06916477108866
56.19133977187208,10.24479119583014
56.11290540337058,10.12883122911366
56.12825284362055,10.10461977010195
56.22375382231235,10.30148939341621
56.2706838043546,10.16133029915003
56.04563722218029,10.19415700054491
56.03161017028905,10.12538182169927
56.10929175720103,10.02189338639731
56.26270334746189,10.16450494503638
56.16207632844684,10.07607070555538
56.24984025073818,10.32193513561185
56.11432100022707,10.12250361467746
56.04415133996815,10.21024856007862
56.01509339108262,10.10044045160304
56.14221607541685,10.14773323789425
56.13513884563785,10.11634346435749
56.30099437707567,10.26017766149423
56.04157047958001,10.10021388051688
56.23681512864859,10.32948845844452
56.15099620248324,10.08603096453113
56.24923012181404,10.31636523557196
56.0813312054054,10.12441159672132
56.25531672780305,10.33345215628986
56.10837863427453,10.17803089789998
56.0117628909213,10.12205241509359
56.10746642051927,10.11816877329905
56.03670494483972,10.09761569613456
56.17153467436732,10.18946907796639
56.17851296602964,10.17405623426717
56.27815991871763,10.31996457644006
56.24578096021781,10.26051874300142
56.19079961759688,10.11505228759466
56.2467550309488,10.15694075991587
56.1674783197935,10.20234723757868
56.07175833176767,10.17191114371238
56.31191531217812,10.20403606893354
56.11375370416022,10.14257518633829
56.12871022532,10.14437646671688
56.30257217883801,10.21671446186196
56.23219141399833,10.24865827520264
56.20896129798292,10.23705725820089
56.06591379167039,10.23268550406805
56.12907166557689,10.14830675165359
56.17042407504728,10.16870373953693
56.24168214558352,10.2536428874174
56.29789910243917,10.24736933494524
56.17994246110133,10.13300982414666
56.17521215976522,10.12195748277561
56.1834264669644,10.13783559616461
56.06301008693784,10.17316199035959
56.03901716557505,10.21743945672132
56.16896701806262,10.1859250133257
56.15210371585844,10.10142889695755
56.08788170347871,10.08587522713606
56.09167852485446,10.1737925845971
56.11928033583323,9.985238659880624
56.20285847066305,10.21505768592256
56.17888976774788,10.11571310122481
56.13291151614967,10.07851841169556
56.17199945674113,10.17289816921394
56.04286366253745,10.08449793709488
56.20191113518295,10.13421548715344
56.24772452538492,10.23023512914413
56.18084641482946,10.19685601937859
56.25942103634355,10.15401537523904
56.21337198609692,10.02301312576688
56.15989879887641,9.976903921626112
56.11133167818716,10.11988294911417
56.15853956980455,10.13251084876604
56.16263537411452,10.11770748987884
56.12807396441557,10.18756181449005
56.12845028247344,10.19280813788991
56.20675854594788,10.19028223691832
56.06443745865295,10.1656539852903
56.15139968567002,10.1930629944279
56.22308001143868,10.23731510560969
56.24831131256278,10.27081784326626
56.15102475289448,10.14548425674114
56.0471541919061,10.09934624016627
56.0660644366717,10.23249047245165
56.18437270191522,10.11641960958881
56.07857658925499,10.16571490557835
56.15463475112583,10.1043817526097
56.15184081049773,10.15314694970126
56.13387734841194,10.11879917867237
56.2052892433038,10.28046438183066
56.16396741263504,10.21160241751168
56.10000241067453,10.07850310147895
56.08790108746999,10.21931587385204
56.04303870821409,10.14686165276684
56.08767463182119,10.22749686188474
56.1847079821181,10.2141610327323
56.14990931446066,10.11682717648504
56.23846004936422,10.25314364472609
56.29690688092466,10.13058718399579
56.17088899039492,10.19989961960132
56.19877397625139,10.04505415968748
56.19869944572237,10.26185789583013
56.13881310002602,9.996839620429904
56.14715743576581,10.05950900490632
56.1865186859435,10.02457248418533
56.05215639915684,10.12509177096037
56.04175087379148,10.09099470977117
56.1336554352302,10.07830268604333
56.16610983941986,10.20033349134979
56.23127578953068,10.26216686609057
56.18648316739106,10.17384687814921
56.17739854671851,10.09882276823858
56.09810672880938,10.06598776564463
56.26879761983422,10.20683055876031
56.18504997474913,10.21396623673552
56.16005197754436,10.20077188176514
56.2372140772602,10.12502001492532
56.26502659732787,10.31204214474118
56.19171143795262,10.06298505892961
56.14071600314804,10.1173648391015
56.16008627034904,10.07841765007758
56.15283825910654,10.05468089619075
56.10145055485262,10.06595129992248
56.0265874051326,10.2181793023251
56.20498090793185,10.2118236044153
56.27839259287138,10.29542480523692
56.1550175187341,10.09377331118765
56.10760408607207,10.20297490021639
56.28459455068461,10.32529534766852
56.15746169647664,10.15597974070988
56.06510316426991,10.16006267986244
56.17446584910566,10.21350242395556
56.27298366201747,10.27906248116343
56.16395235657039,10.16696621961854
56.06464550417682,10.15965680632825
56.13674190415999,9.999919555360169
56.10817943653273,10.18280276670513
56.18503697582461,10.08766015765715
56.23099982534286,10.21229550318414
56.18599195549211,9.997286170300908
56.14921206734296,10.21896155023626
56.20612078795497,10.1391762913755
56.03500948464348,10.09169212058519
56.24211268725361,10.27155098261472
56.15682710211824,10.1542920392189
56.0087627252326,10.05816967088964
56.20788993473577,10.21297184722118
56.21269537072416,10.14172326281839
56.24983697909001,10.28152965909676
56.10858880641235,10.13319833426166
56.0994958254927,10.08330703572816
56.11232775464293,10.12626995013776
56.07504155272741,10.16279167090742
56.18640574972111,10.23499219020615
56.19649121200153,9.992698173004996
56.08742690073723,10.22222098410035
56.24009095202789,10.21409244874537
56.16008429224845,10.20210568789095
56.26488463334131,10.30170727395132
56.11966211656053,10.07969689298478
56.12454738517899,10.17893514670729
56.20144017139442,10.28160771116558
56.10210759474656,10.17175131704577
56.29148088597611,10.21542888537166
56.0897616722914,10.12950993513438
56.11280565493423,10.16604306238898
56.14795680468509,10.0297953026386
56.32036938180546,10.1948722877347
56.2360276775821,10.28128889987362
56.10720471083918,10.09097020978993
56.27751990007935,10.33141845127707
56.23155347951759,10.2242159046767
56.02326272593206,10.18083263226748
56.28510728787376,10.13813725883646
56.14157597759291,10.02363115827881
56.23230666307296,10.32149911389199
56.11243795638394,10.1895395317638
56.20993295705092,10.18961255043945
56.18661962145011,10.23334623529995
56.1904617317922,10.17438033779536
56.26201123673356,10.21561923466109
56.25044578878929,10.30074652449932
56.26330668332599,10.30663009241954
56.08320227831742,10.09432371123318
56.21708584473249,10.06097626041731
56.20725622749311,10.27521492959757
56.04409548246809,10.22502513051374
56.11264745865237,10.10861147710983
56.27261940839301,10.21322693799222
56.14933881683343,10.11402411207837
56.10827392042724,10.06168962911099
56.13005116237596,10.15427857308506
56.26587308876152,10.29558236609367
56.14007311169226,9.995091535199725
56.2578396787116,10.30682956252562
56.16345438984634,10.17721673363205
56.12653969094095,10.06615607327967
56.0723326369456,10.17745186953672
56.03927232765735,10.1942557184647
56.17342911887732,10.10620552299309
56.12308663812753,10.1624682913638
56.07207007231155,10.13769572702839
56.14283412478241,10.20741240307658
56.0654789553278,10.15543989551283
56.04758445502428,10.08167899883488
56.07399990183761,10.19198119072609
56.04306036894508,10.12056850617618
56.18001203679706,10.09545634239717
56.16021793230534,10.20704960930513
56.09889460340822,10.19980036050017
56.08826839675438,10.10384119207502
56.09336250264586,10.07343423778236
56.15478219118815,10.06023030813273
56.19352136279969,10.09370786257488
56.08740624351478,10.14662909099008
56.17625993543856,10.18647445944508
56.19782461789189,10.10732751887051
56.2482969701713,10.26113586226018
56.07258528912021,10.16489897023825
56.15967793794472,10.11523635909926
56.11542715605317,10.15311743638082
56.15732807344595,10.21046626057258
56.16193132918313,10.18009488898458
56.13046177807605,10.16835338338177
56.16935132455372,10.17147098857184
56.11432801887063,9.993406209753129
56.1424349255464,9.990643621490815
56.14863559257246,10.18223953286861
56.20095499788781,10.24983546911466
56.03718289037613,10.08643706935016
56.02219610268261,10.10043091789801
56.04513308188585,10.22313950605381
56.15845123030709,10.04393743229009
56.20820970008393,10.2787136757554
56.20559486551394,10.24059793222598
56.11065129173649,10.11834904305574
56.13880376807354,10.1252567138989
56.15169190683286,10.08438660535712
56.14328656397793,10.20604898195354
56.18774646580975,10.22758656310006
56.30007556235055,10.21300970679362
56.16342171717128,10.19818995990547
56.15857825569086,10.15176256709624
56.2936549256026,10.14807553732879
56.26210717214592,10.2071919646147
56.19391123318085,10.10636178312381
56.14740488279607,10.06000113558754
56.16409677039301,9.98566378377969
56.15966085980745,10.11219164434829
56.2727407158745,10.31167997522282
56.23538194440771,10.21381408318636
56.26639417253106,10.24910009541723
56.13512109778031,9.997170616759043
56.17123957717329,10.07511459731532
56.24422320159464,10.27665300750221
56.15323822551073,10.11765767102407
56.27644910214651,10.32189512857259
56.13065648682132,10.16737076454259
56.1787728176497,10.17886919343614
56.25979506900084,10.15394603040289
56.08862106173813,10.20960354324761
56.09539127622361,10.08127318579472
56.17222258082027,10.076913839424
56.12597345658699,10.0638955583685
56.03885180764551,10.18606313481939
56.18676668217837,9.993879094025218
56.05586814954604,10.13610986473524
56.2579477294587,10.30935934928755
56.06231731564664,10.08999265828926
56.21702214241665,10.0391027152775
56.11124030039597,10.12362389773497
56.06025629066555,10.127344795802
56.25751227228344,10.34284406586823
56.18857609845114,10.12319937738132
56.08411711284281,10.14034639719363
56.11943055476281,9.997164213581701
56.21884862424773,10.14626298864841
56.24966824269161,10.23362868117057
56.14771789529086,10.13991639135808
56.1015245820876,10.06642677197461
56.09188854414404,10.15165933447819
56.16673465001718,10.18004310174233
56.16599787920902,10.13851699602798
56.19026473316356,10.11450460857387
56.15409446006458,10.10053454404493
56.15829170309801,10.15824351465221
56.1632433214131,10.14492392082505
56.29870374661497,10.16325608433023
56.13272877660386,10.18486231809884
56.11134189554447,10.1705899419583
56.13938569377396,10.21035450929569
56.03687635605466,10.1878860635671
56.23662903580457,10.14211315479877
56.12506988486818,10.16192412693647
56.14519726614893,10.21552646893314
56.03764687352596,10.18765199606321
56.21225603176057,10.04446598295359
56.05385333522492,10.24145971502498
56.23003012438731,10.31737506132274
56.1483454921954,10.15882030729666
56.10889819415097,10.1441003912295
56.17498235120861,10.18992902578489
56.18203445211233,10.18511073570622
56.06078823155623,10.21127719042939
56.08687981124461,10.23844371342359
56.23490646883326,10.32869948769925
56.1029368923923,10.14685698255958
56.15540170610686,10.14829866522139
56.20684929817752,10.2773713356691
56.11226528345648,10.03934358173945
56.09627061645776,10.13912216793802
56.25166490108571,10.23658771523095
56.20572468949926,10.0606559514077
56.17602695814387,10.14374437223049
56.18802825358245,10.1836921395153
56.18837534915506,10.12231445613879
56.17275922991354,10.20058432710223
56.12151011283824,10.1438614208761
56.15100251254989,10.08651379856981
56.16305801737931,10.12516332429494
56.03083160075762,10.12298658756728
56.10091824703682,10.14355204159143
56.18431512220938,10.12351434173181
56.20859998492783,10.12725569614861
56.25056631202698,10.26317190917482
56.0973618258862,10.13443736574236
56.18433904573527,10.16676006273437
56.04628527739122,10.15602171478158
56.24952309261405,10.32599505576529
56.23961283712944,10.23487983299387
56.25682411631482,10.28709142759698
56.245957741838,10.33963840343227
56.15046506299397,10.0801525828485
56.16932696713186,10.03444677502687
56.11341956165267,10.19452276677095
56.28004545642875,10.22348894076365
56.29357601335244,10.13447915218707
56.19857043509018,10.16437106724359
56.26856407835333,10.18721236165804
56.11620465962931,10.07660452554265
56.21553184458578,10.02505191094489
56.14055498401316,10.17202767093293
56.15945039656972,10.19386872783078
56.04476829238143,10.15891888465614
56.19647268066616,10.25024253941693
56.10546280981334,10.09802998436189
56.16620811972533,10.06823196996945
56.04003753554186,10.2260488323611
56.16589302912327,10.12426952846851
56.21346088744846,10.27922345098826
56.07301203583555,10.16734888721422
56.12126191810996,10.08100370334533
56.16275385334343,10.16959003313268
56.25118254806173,10.13717458348061
56.13779539035566,10.19608209172014
56.19602598613093,10.24042177125621
56.17248412395663,10.07847795351232
56.23172109425371,10.24411158202768
56.14982582938369,10.12268932928985
56.14718150531696,10.1773177459428
56.09476710673434,10.20950829082284
56.18173218013047,10.12568959677604
56.23439492288035,10.31149542840213
56.10351619228236,10.11731767181189
56.25839757027095,10.1564059218677
56.11038150780396,10.13711005119704
56.30592254223327,10.21337998464162
56.21630046192892,10.0364952226298
56.03659524278144,10.07887497518333
56.25058724797393,10.14887581099037
56.15659629035139,10.16186900799468
56.14676475199916,10.17745350734875
56.20166352672565,10.17065789903264
56.18521785533022,10.10278867195404
56.27659617715958,10.28543025163127
56.11284724240524,10.20020114477777
56.10154141248291,10.21957168295692
56.12839708233982,10.12428270721552
56.27734614299766,10.31699102770549
56.2119520130468,10.17424651615088
56.2079522506741,10.21163800638841
56.20579297311011,10.23470651523039
56.20247264893706,10.17174286109091
56.2152392861107,10.27156552885952
56.10532945518655,10.16623301383599
56.10308250915144,10.10008171790248
56.12005282070586,10.01761878783334
56.11053653261309,10.18639044711504
56.08307997777494,10.15013145983532
56.17270180678986,10.14045812511433
56.04623733348143,10.08641519272304
56.11016281184246,10.16050755782131
56.22632292734615,10.29085042064862
56.29748850599549,10.18710237666244
56.11777169032558,10.18152494722638
56.22021943388195,10.19218108254336
56.24064206038588,10.25001266688798
56.16900820931215,10.22230008070589
56.24530992404951,10.24176673422926
56.07551096251093,10.23040263778661
56.15495992528615,10.19181467122942
56.1910539811537,10.07332141939338
56.09269897342901,10.16304647097427
56.01959085002422,10.13820111118257
56.26561722491132,10.1484032359649
56.07017930873101,10.17224761420481
56.11273310368492,10.14485136623438
56.11500547694067,10.16728784893622
56.09332511101492,10.15617039210728
56.21812201069191,10.28799343820898
56.24326875782468,10.29107257628666
56.15061202057891,10.12494409709073
56.20415191327854,10.26603175819655
56.18723423324968,10.21641496959842
56.12131958153529,10.18351277150729
56.11265590238381,10.17389405141536
56.17546812627402,10.00604291059962
56.23600120551139,10.19944840176212
56.00522554258559,10.04523321900998
56.19044153315437,10.21861135839812
56.27508194616635,10.237123486163
56.17553919643365,10.19742309964294
56.12134670586705,10.16587628088783
56.26357464561621,10.24316727617205
56.13548995028864,10.18104098045044
56.08643166047714,10.22172085887206
56.17375421151559,10.10139663371526
56.11278402375562,10.07753176476506
56.12403981359625,10.16951052124938
56.25706879064791,10.27438513736239
56.09761205794748,10.17844901451608
56.18873997527514,10.2366594622933
56.23188296872827,10.30327758389276
56.0561597717326,10.10663409181212
56.1546566268124,10.1599777081451
56.22945679641761,10.24024689119881
56.15760961498393,10.1370301000076
56.08865201464323,10.12820898086288
56.18278295657782,10.06275300395938
56.21743081651791,10.28841094477959
56.24989850982172,10.32180101117477
56.24180186893584,10.21706761623656
56.19402612516976,10.11819192378378
56.07155554405418,10.13786643131509
56.1051644295692,10.15010127277558
56.08861141089599,10.12456266955933
56.19965608936155,10.18615898816785
56.00494323644353,10.0432764778768
56.12843513923777,10.12570160166687
56.16600808903689,10.09759048479674
56.21554758602202,10.28749330904015
56.06517865646007,10.15647657226453
56.08285054202631,10.12349971820339
56.17776130454477,10.11692152791066
56.16578812624321,10.20321301202238
56.03724842580732,10.1314298945226
56.21880884014762,10.16718639551437
56.15335715900197,10.06973797819314
56.0595019089974,10.19533722156469
56.04055659066157,10.09510856601772
56.18513123084936,10.2180497475272
56.04070772180525,10.09791615664473
56.15448574149858,10.13175124546338
56.15213364170397,10.11443994343385
56.12622665648239,10.16533619794092
56.12462655636237,10.21656823027852
56.11861141301074,10.14934340872731
56.14635003969256,10.15370334589807
56.1142279687967,10.14338606900877
56.22150997895351,10.29862048314743
56.11160243992805,10.22170289357168
56.20645865794468,10.21489030629295
56.11171407853342,10.17921115246605
56.17525492746203,10.19079302685792
56.1928030133033,10.06706818611167
56.28862474127941,10.1493283171177
56.06053342821934,10.1957630138278
56.27992300704252,10.31636778799058
56.1937378760876,10.057964805426
56.17066414650562,10.04183619288013
56.22957297948169,10.15524225878946
56.12066804913832,10.19656962030984
56.17840471934711,10.10123483025794
56.05608669402495,10.10693709844956
56.20182030041347,10.13426740938984
56.18650267929228,10.00480003990273
56.1353812584392,10.18057799009574
56.23193977565883,10.29142868142886
56.03307953866826,10.1824916828442
56.13706043906917,10.16293949573808
56.17722849405855,10.14720750359819
56.1258127030335,10.20203148330986
56.12785602739709,10.12093769481982
56.18459969301198,10.21556409139484
56.20763724303436,10.26075331020031
56.15733054485656,10.10229908984022
56.21997577169551,10.0582342886783
56.21445153262329,10.14144558755164
56.09125612225552,10.07547566060819
56.16255637912277,10.19437100785835
56.19179596867484,10.01064509707562
56.28469607451051,10.19285546070169
56.06447126641116,10.14524625738454
56.23987153554391,10.32674721558059
56.10369231426687,10.18232765356977
56.11592353341956,10.16659516733811
56.04372166679393,10.08366037739471
56.12348257253134,10.123719465531
56.2227234404943,10.22095911639313
56.28216868988569,10.37027211167313
56.14154988782263,10.19587529194628
56.03301333149415,10.23780792832084
56.10160044896931,10.0669049563639
56.11856068758701,10.20547538196488
56.19556173262806,9.9970633446524
56.23580948345673,10.33001949518577
56.01660574173346,10.09021103545037
56.21240440980005,10.02350244392063
56.09300365611607,10.20965161645082
56.09425204020419,10.12866625261234
56.17538847525243,10.13543156039407
56.28204441042312,10.32176423350555
56.17840252074215,10.04213496322371
56.21640199196032,10.08087251939082
56.12252697328221,10.02991065245216
56.11695780041196,9.998112088570032
56.17434065669158,10.1075265056086
56.1028571080228,10.21496302374636
56.13481440317918,10.16884146935812
56.14001392044968,10.05109742180287
56.20601872898149,10.18403560012631
56.11338198824173,10.15474708090779
56.13165021012231,10.1761847083553
56.17677702241869,10.10578136749911
56.24814925063017,10.17172437998434
56.29015509285691,10.25474407687154
56.31184042194558,10.21515126097451
56.09700399830372,10.05781099849051
56.24084088733133,10.22021980621374
56.30229551982933,10.23719611616538
56.16026470321523,10.1737980890694
56.09936389689644,10.12577850496195
56.28751561881325,10.24242406094484
56.17358272336597,10.15761866590248
56.23129120094935,10.16119424852011
56.22034355116762,10.0269818124812
56.08523302248894,10.21594793984472
56.13785038081212,9.965886600473674
56.23654772421067,10.19159606760093
56.17644943420861,10.11166986784108
56.2140256220255,10.04278320148416
56.11144347931438,10.1703467469653
56.1429509235314,10.19145344450813
56.11356866211236,10.158264868332
56.23774384937937,10.32481211582446
56.22013355487851,10.08375164495121
56.18734870973879,10.11502811473628
56.18664163576401,10.11797384128175
56.23332345219927,10.20736958485995
56.03278110894477,10.16838798343659
56.12880988399698,10.02042451915921
56.12050095706191,9.999268825588931
56.14999809863192,10.17828607053724
56.16571630526842,10.13809860430182
56.19129034885262,10.08449415074195
56.15173303986796,10.19872049294761
56.13317711050482,10.1077425601067
56.20396881074094,10.25647063444424
56.16230509834016,10.09168254710129
56.22512089989967,10.26772657343612
56.12972837996509,10.19973500925786
56.13719220918576,10.0465907531229
56.2277727034843,10.23991716991787
56.09081928817456,10.14197698747937
56.11593456112386,10.1317307705383
56.12871826110376,10.11274695244176
56.23438754925549,10.20686454519717
56.14777248216226,10.13911929371179
56.03578681407165,10.07333623199256
56.19335014360538,10.1698048568401
56.18913259636889,10.06385061179892
56.03173546992915,10.12709155748336
56.20404378095543,10.27631581428527
56.09444657448378,10.20577989943935
56.19267234628022,10.18737073635741
56.20995201407783,10.28753237860886
56.23633318488584,10.33155058587848
56.11306403843528,10.18987504710074
56.26651152139205,10.23162793485938
56.18035299183969,10.00233252809525
56.14969798709939,10.177280455567
56.15113856739681,10.20726556744664
56.15086486814936,9.979567542998588
56.23138570413187,10.24071491730107
56.19113208649858,10.2176972349684
56.02248197753101,10.19771295614123
56.10826240847391,10.22484428109649
56.27343594482978,10.23807554286183
56.09329301675738,10.16264112785842
56.11570743751702,10.15275755299306
56.11432280245549,10.14677227803574
56.14203161684187,9.992328058203151
56.19939969065818,10.25598092500301
56.1277975829878,10.15365391337408
56.28571105467658,10.32721255625018
56.13663040891842,10.14595073524596
56.08938666526432,10.14632653623984
56.05442138508184,10.18055603177826
56.03981671823606,10.19677918258059
56.29652211880084,10.14483785409812
56.29835947308481,10.16530344898652
56.20406257463015,10.25131646196179
56.07767770278747,10.11100976333078
56.16971910364881,10.16405494290917
56.18444188684932,10.1359674159864
56.25925391926785,10.17007009047812
56.03859924413347,10.0997169431958
56.25701609006024,10.34263539019357
56.08845886077633,10.1352222641899
56.3026746416767,10.24130704563702
56.13257220939251,10.15597000217684
56.16938911816695,10.19974843098358
56.1397058285106,9.990283674063148
56.24488336212465,10.30866394208804
56.20366286583133,10.15596627621697
56.19703349198066,10.17954718564875
56.27504904868469,10.24545503762115
56.00908112808546,10.0671978320454
56.27116262257726,10.33074410736652
56.15335212566921,10.04126513301926
56.03097081962242,10.15833473474977
56.12905025762328,10.03475337636202
56.07484055896452,10.21199290123641
56.29870692692378,10.24751099955934
56.15302069666885,10.17231980436208
56.26028007993791,10.33846673846145
56.03795713397055,10.19850071690816
56.04007365844586,10.11447055695526
56.16405557449183,10.14416876975599
56.21493474899304,10.2805115417925
56.15638735670434,10.10989448319262
56.10690976001808,10.20281173344539
56.17718282179212,10.1785237599884
56.05821610670492,10.16575691947926
56.14916187573064,9.97318723472439
56.15092639021914,10.18610578397944
56.12880243451584,10.14057248475825
56.19843158430031,10.18809708319738
56.19422484690396,10.23077711051708
56.11283983199855,10.1443937105687
56.11321986188135,10.13526409603284
56.26435055156777,10.2314283188065
56.22642834747491,10.1877321237938
56.0859148413213,10.18588368941262
56.10459803305539,10.04577280319408
56.06481292533631,10.2334756651987
56.27985109377977,10.31037630128486
56.09789427063259,10.13300173129756
56.20530297170569,10.21787168814807
56.25480299875609,10.31726917833848
56.13439781916533,10.14265478259947
56.1646057007461,10.16546996258514
56.12457618196224,10.21584219086307
56.11980523951228,10.08448637733797
56.15032493180962,9.998068382775626
56.02692196462908,10.20970641452349
56.23963424883184,10.23504149877253
56.15971551605976,10.1743392214785
56.02178832574175,10.21603126901049
56.24549527796095,10.26612430613847
56.23575083416179,10.2265813818094
56.07286063022818,10.18149316215286
56.08492790385777,10.14663349816322
56.08535827282205,10.15051561777854
56.28266418768253,10.3441420923078
56.1640682963592,10.17479619039702
56.19134947809944,10.16604804650158
56.1087964565646,10.07052781192831
56.10907244779435,10.03620885625398
56.10498056248633,10.09880562815007
56.18505547361578,10.05734551625463
56.14077609432969,10.12024203466264
56.23660964123074,10.25298716753401
56.14361381161498,10.16488677015492
56.22157902709446,10.15764563767034
56.13074172733526,10.21283342513609
56.20708746479302,10.26249119031806
56.0546645391428,10.20369870419224
56.05331438943155,10.19896273847498
56.05927250121125,10.10293312898145
56.27047822041753,10.16496609948833
56.30218579497664,10.235028440793
56.0367568475503,10.2076730026321
56.21374081769535,10.27942460415116
56.23553306261178,10.22178032572882
56.09185064959677,10.12181152777026
56.27844564781255,10.29344143977445
56.03616614129336,10.0872561141566
56.05624708873348,10.1275198307993
56.25526518557746,10.2732938631767
56.12896136353095,10.12882803318314
56.09860375538206,10.16153769277959
56.27277672735645,10.21338941449491
56.08789376861561,10.13676446154703
56.14143830020129,9.994557266538694
56.16733537513722,10.0985172485006
56.29957798655918,10.25948008405563
56.14342002286126,10.17354100433522
56.13432403664786,10.11522214529819
56.03643570374115,10.07848488146725
56.15155139183308,10.12051769675512
56.0375919731765,10.20524412080831
56.20614264874761,10.17619029930432
56.15551917768799,10.20609460401438
56.25775746250229,10.27593325089741
56.17368259045541,10.13095216020272
56.17464457738603,10.20362879736656
56.03088973510281,10.23321582846481
56.03817319509156,10.07408882164008
56.08984324693847,10.13422784244418
56.20650768036328,10.18900577496795
56.18248597807617,10.10373138866369
56.11121835059549,10.2025588282747
56.16796373516471,10.21463315116664
56.11959325896785,10.20714760030309
56.19022963174879,10.18647838516918
56.18091297015211,10.11441800068163
56.25223899260405,10.2662448396906
56.04819800977425,10.15200235350851
56.1932671779652,10.09418097444989
56.11927678475872,10.14887155058937
56.0530530327181,10.1197617976666
56.10071140013148,10.07886875230366
56.10826144382995,10.06575012171813
56.15626240554455,10.21252546525174
56.18996600378534,10.19319143958297
56.17300848974533,10.17119115050382
56.07645054692749,10.14585702660187
56.22216861242481,10.29122261560109
56.18472612576191,9.994031208441882
56.05987101975824,10.11694428115559
56.31881423799732,10.20630397628704
56.1445418434798,10.17269268150934
56.2208591458409,10.02732487896719
56.03843511577708,10.06672567213284
56.06509145237438,10.19035252166232
56.19368296317377,10.18803867974117
56.07564318863448,10.10773871889541
56.2521154849176,10.22104483536178
56.04069916015134,10.07270784230835
56.15404506701731,10.18098199575285
56.03396448068396,10.10794594023777
56.0700716848553,10.13973410993818
56.11587024228415,10.16082809619949
56.03120602752775,10.14411728106404
56.03111082718434,10.06394575465372
56.101648084557,10.22184162453259
56.18691728020416,10.13168280061449
56.17242495745285,10.0781652229682
56.22009733458226,10.233095128938
56.2287932656978,10.20142558236008
56.11632788913265,10.14719046198842
56.21600902083132,10.16892921499629
56.26388865871127,10.31848290872833
56.14183966762627,10.18840785397962
56.19707456773963,10.24783847834546
56.23197159212985,10.2463521396344
56.17449681479759,10.15527775160607
56.0429781682851,10.18694162155791
56.02650444673691,10.18249997646496
56.02983371769496,10.14599916706753
56.13906881132631,10.21063513632432
56.15448147255822,10.14525171610958
56.16492733293373,9.992532544956843
56.12759986359613,10.16166496206628
56.15431185864819,10.18646253751812
56.13826376859583,10.16219282986756
56.20024182776699,10.24339829319424
56.30350029126416,10.19702969675303
56.12254533240564,10.09457069113351
56.17180360521906,10.1931717014788
56.17050955449028,10.17620998788257
56.13054476725419,10.1245533122984
56.15351250459248,10.19117482450185
56.17255164249483,10.07878750275225
56.01286903379289,10.08148144404637
56.28404947926732,10.12624331564234
56.20644963606502,10.22147722219807
56.10663793026325,10.11561615832547
56.19853450165597,10.23932117385625
56.26675996291279,10.30937206579825
56.22674130398395,10.16242691742401
56.02205780877235,10.20141752774015
56.29928350078703,10.21281853976027
56.16334751906486,10.20196050675492
56.25567499572528,10.30357960836
56.14614159155392,10.14046198336762
56.03734327511849,10.09951081986208
56.16477807659944,10.07714623491618
56.16072910498306,10.16224895169726
56.17268672918474,10.09632671438425
56.21972809428427,10.28991579145519
56.18007962095827,10.21222742440699
56.22903961485102,10.18119773550788
56.0436148101051,10.08038828749434
56.19346201204743,10.09953582021977
56.27672376786995,10.29614205636501
56.23190417938718,10.31115736567868
56.28490779230523,10.13790292744974
56.11329441367197,10.19585465057118
56.22312284415792,10.28792803348344
56.12924599332572,9.995347832049779
56.10123759678324,10.2156455858608
56.18119112563546,10.10092222202435
56.20374441746649,10.27818761539727
56.2076162295037,10.20928346902441
56.04155415141813,10.16901296259752
56.20836013633645,10.16893582194277
56.1205961218589,10.18912915484725
56.11059111245421,10.13586000911774
56.03557622341683,10.0730148744052
56.26303106640553,10.21814244866283
56.20496792010604,10.25624111163554
56.27807952651997,10.31990963616524
56.30257496559322,10.24016031139968
56.04542488349416,10.18982026075154
56.2774735263348,10.3127791671981
56.15008449417864,10.06915828225795
56.17246759747185,10.21972548140964
56.08118934010992,10.11558973373645
56.13600907906809,10.17118345449429
56.29050718287603,10.29890382922126
56.14858298916287,10.12851253355475
56.07297844209072,10.185880694927
56.19840360222257,10.20473762152224
56.20560841641694,10.26353998212486
56.22775945325316,10.26738741069264
56.13098332415649,10.15238176221005
56.20117396382111,10.25631473608952
56.10463801316519,10.16865715431114
56.13693623927556,10.0369510120258
56.17640448131408,10.21869930864653
56.1523139785355,10.09729666290557
56.22662259317658,10.22900002943769
56.03971448917317,10.09917980350309
56.07729766360415,10.12602549100959
56.03308220877382,10.15640392348441
56.21220078699052,10.04119495351514
56.15592109962665,10.0586495419615
56.08510988356498,10.14238987700964
56.04959786361048,10.19294460284219
56.19708491492113,10.05535694452851
56.21175668929436,10.01754621195037
56.12762353187425,10.10499348642558
56.25005105737113,10.28367297177897
56.03294454610927,10.10359098823704
56.19745101485391,10.18356833581633
56.21279693753258,10.26710974334078
56.2181768995483,10.04048144012065
56.07872075755844,10.20979865100869
56.18100316952331,10.20164560582003
56.170227477397,10.18142773911703
56.17215769387832,10.14248169350946
56.19524049327692,10.22390059431666
56.11719929127742,10.20762355003793
56.16808184800458,9.988420731116763
56.08487532910294,10.24135659243578
56.16805957176732,10.17097163738187
56.2354758185217,10.19086938521608
56.11311150569471,10.13698946081735
56.06653530993488,10.09436138237765
56.14893777734824,10.02923199120625
56.05484132244825,10.20449597323455
56.03823988220722,10.12439459650593
56.20694208715219,10.1912296484893
56.16203969501784,10.18175122758775
56.04065534448398,10.09047690422887
56.18933103195099,10.16169277730306
56.1298872245653,10.07938929514856
56.1491219323218,10.20834411348961
56.32132871783343,10.1943406382681
56.11425790668901,10.14664483777439
56.28725375279475,10.33130642775763
56.10231189795128,10.16292289081234
56.08888748627465,10.11279905933081
56.15356225939925,10.15452331636971
56.03013625169795,10.05993132023114
56.13776288116102,10.15296611193481
56.03700584398365,10.21673650837433
56.11609799814848,10.08734962398721
56.06256901572263,10.19752355846338
56.17896250542043,10.11689856366283
56.18196007902986,10.02307908999296
56.21183479799808,10.04093128743729
56.21137373762103,10.15566044101422
56.23263152783753,10.25275623912566
56.15027096583356,9.962455767462664
56.22136712929853,10.05192404604693
56.08239979104179,10.12756837174201
56.25985965072682,10.1539330554887
56.17082400125459,10.05693762548121
56.26397443167713,10.30736983421256
56.03923687538111,10.19618752542496
56.13795698946031,10.12040254776567
56.10781258155532,10.22161507153506
56.20759005658567,10.16446102659758
56.19906857271726,10.26179153368958
56.05613664673486,10.24213017856746
56.25928411003555,10.28827258566754
56.25724243689022,10.30893282569064
56.16796559501633,10.18914242659453
56.23944956297188,10.33179121747235
56.23182949872243,10.22921771901777
56.11848622899418,9.99773560436135
56.18764793039939,10.17751387941964
56.11983862459331,10.00053927298084
56.0759596247239,10.16048823280197
56.23637300242094,10.15981804923146
56.22883292089415,10.22766376065308
56.12776190133584,10.21088624769994
56.12354746264902,10.17630269146581
56.04480627078702,10.12286886201232
56.20712779948772,10.27111203322826
56.03459306054582,10.07393599579622
56.18532864952444,10.17034298183115
56.11966330707025,10.16830989859189
56.19386280536275,10.00476496554189
56.21626649117687,10.12782380756071
56.25801469997691,10.33438608003017
56.13706801425363,10.17637028450641
56.20787268836896,10.08529946163278
56.10942334039424,10.18608264898646
56.17200346080517,10.14333241692379
56.28365460313798,10.2381269828459
56.27752894877096,10.28846534927469
56.13579335095737,10.14318695669373
56.23801174742999,10.22536267683507
56.13295046522087,10.13637563685054
56.15504422058474,10.15282618947816
56.17198446899551,10.19715236653884
56.16530241246029,10.09475650106905
56.21047688724012,10.17960267139689
56.06133026129774,10.08925175681224
56.2969037655397,10.17020665810511
56.08897926770939,10.22139685125521
56.08662881592851,10.12895129649294
56.11191557647734,10.18923790557372
56.28203990211561,10.3662692484584
56.11844593097703,10.16511738368008
56.19314754109271,10.12529640228104
56.1806096323519,10.16675798228188
56.23106991692296,10.13957297415525
56.08853075525244,10.08525263814744
56.16875812928349,10.20284464527459
56.24409311917871,10.26080907768575
56.1995974783305,10.25391468314766
56.26476786614393,10.3153278384767
56.18012253581756,10.11570313720117
56.02910986372682,10.18586432639111
56.21064413094173,10.20993511394849
56.19606148738766,10.24503436610029
56.29831369377295,10.25166630654369
56.07153683709193,10.20621626898938
56.07549761968178,10.20159686737409
56.21327963644537,10.16441843031307
56.1325717799355,10.12033464651462
56.10895318853611,10.15591439036898
56.15914867330171,10.18148668180157
56.09482143227246,10.08612828155123
56.15749204375672,10.04816438316544
56.15845069935936,10.21118371547771
56.29002999446169,10.30128828488487
56.18595182388852,10.01955835182552
56.11683559333465,10.01837519647453
56.16203104336413,10.19661502267765
56.12509252870056,10.13052422973298
56.23843800212842,10.29839759473769
56.17159505613557,10.21723207718697
56.23046339799322,10.23011423075114
56.19044959041977,10.18208309732888
56.15727893542035,10.04155308509795
56.01023736082129,10.0758906079343
56.17937501837927,10.20815895945303
56.04659204985118,10.09902682863642
56.03267263826343,10.19963558029016
56.2941425958738,10.31573855187033
56.15895904372267,10.12283242968754
56.10773917195218,10.18899642816568
56.1084503804201,10.08076881402091
56.14305973149462,10.15125270023014
56.18377478378996,10.10642238475066
56.21960850176124,10.14981660197657
56.13273503737739,10.12396236168103
56.242935579187,10.27152536722409
56.19487741042816,10.23914173791868
56.18665396618325,10.10773703956488
56.24602861266684,10.23716219590449
56.11609606208628,10.21552742969789
56.13452820831499,10.01665524794246
56.18176001515646,10.18850387103437
56.17412443586436,10.10138949934739
56.14111869111655,10.11760825083519
56.15186036238558,10.10019100018554
56.20052807858053,10.25395784015184
56.1373392778539,10.15574849270853
56.0267629048201,10.21600711494861
56.11723358965228,10.01952172070777
56.2270891377964,10.245803638492
56.17293515333773,10.13184427387876
56.28236462432709,10.35173112791594
56.16682635783707,10.09815320973009
56.20805449440851,10.20559899255168
56.22757015656371,10.23212878307688
56.19888333447494,10.15697719454989
56.10684112689477,10.07822825346646
56.26720954723864,10.30564607968325
56.26921088163486,10.18010330707728
56.1855035286728,10.22873679364101
56.04596330717055,10.26311740941526
56.10484487806527,10.15386097254645
56.10735946056195,10.21887296745546
56.16065412075513,10.0717405256767
56.23619734837251,10.19111864956984
56.14253221791819,9.991614873111741
56.20919889375477,10.28297829129815
56.28330117405108,10.21622785678955
56.24569778261534,10.14718349641306
56.12568767073408,10.20005141729308
56.15279850974984,10.09881447745929
56.06135148380663,10.15827550684968
56.03564344359042,10.09339615198248
56.19675065020584,10.17314039753666
56.28795964961972,10.3062510031877
56.12679523577136,10.05656538173559
56.20565365577494,10.20899235987639
56.08408135557346,10.11517074964754
56.19710163440971,10.18013304676699
56.10846737599394,10.16686698154685
56.05290029312278,10.0855431304714
56.06499265878306,10.20050797539251
56.03797007742687,10.19882089916802
56.15200100784134,10.10097297683133
56.11276648903749,10.09470976251875
56.10940537849526,10.23159163011943
56.12611270717579,10.1646747917665
56.10306086509563,10.09786546426812
56.14480425364795,10.21203201590859
56.19263906710444,10.19584343106447
56.15541155609663,10.10791656250424
56.17426826194619,10.10011801938563
56.0083502744916,10.05605382003867
56.1434336816972,10.11258563731267
56.1606941638297,10.17738375115504
56.27748792939058,10.31459313942372
56.25063613750994,10.26040370930886
56.09739340940038,10.16177015096771
56.11662020045174,10.14962940804743
56.21391343152728,10.03621525684967
56.15599337929092,10.17681023730631
56.19358781278557,10.17084732762849
56.05878323295425,10.2216136693473
56.13639337528364,10.04325540159554
56.27291849680977,10.31686658022001
56.25230194128348,10.22418702343632
56.0307025641012,10.06062582623401
56.18014799353958,10.17403255096545
56.12148133019465,10.06175739993705
56.06154187669846,10.23708966530897
56.11273307708355,10.22378119857544
56.10044086589932,10.06521085958239
56.18732073279654,10.20362270495025
56.08490837931222,10.14037110190774
56.11800101814926,10.17720293205424
56.20804301848926,10.21159476412594
56.23679632836451,10.29994955387383
56.12096233143856,10.13685914862928
56.11144210063318,10.21060539903118
56.17293571977062,10.12407795283274
56.1814631592269,10.10617786142493
56.16241644723277,10.20576394668844
56.30256119475906,10.23999662382449
56.1477760769208,10.13844644374128
56.17725532620184,10.22927505722088
56.06703512547114,10.10319079400176
56.23486475751071,10.18664630176269
56.01052583329152,10.12330018815204
56.13931807119253,10.17815605355269
56.03788554805988,10.08940865534771
56.01892238632271,10.0571482481275
56.27156253578229,10.20224657103517
56.0377546841123,10.18343961100777
56.19323579635608,10.2137438038386
56.20683561585258,10.24907212233061
56.1504814408435,10.15648940478134
56.16780296477602,10.1175232936751
56.21532639644209,10.14114160302189
56.06769392914932,10.24166726168835
56.27071231528679,10.27358927481396
56.15121634079456,10.17849498751665
56.03088245084049,10.23288359792852
56.04742872383294,10.19537840887161
56.24421607826752,10.12973467475545
56.22884137298049,10.21417618883031
56.21060292852128,10.15706024268837
56.13728900589776,10.19048212678309
56.17552059115544,10.21837109344439
56.09530426028202,10.21887648704819
56.1182465601051,10.16396863225621
56.19766577598408,10.20909167017742
56.18632394633423,10.17325546100281
56.23737104901041,10.24604132279671
56.10564925596805,10.11345291919037
56.09898737336199,10.06372124152441
56.17258509651648,10.1836622212517
56.20763203784425,10.2423790490849
56.20331006670568,10.23195463717526
56.1447182794514,10.16345704298043
56.15262478372296,10.09976041738142
56.11004142890598,10.13735025956329
56.22843811434667,10.24475042061395
56.10816092007553,10.18709752605947
56.16149071797639,10.14614215390033
56.17647268381474,10.19137457400812
56.11017333913869,10.15300292599663
56.09526694421651,10.05662009168331
56.0671149197736,10.10271565405451
56.24557829385193,10.14520851867291
56.08662830297974,10.08513566071191
56.11734948080539,10.18184472551598
56.11753504579757,10.14057748625333
56.10057079109669,10.23624866861663
56.04483473421821,10.08828838172944
56.28862812794419,10.21808175740906
56.00812223387105,10.14088574095764
56.09939995701765,10.13471132014867
56.10410998942881,10.08717449811086
56.10401776665709,10.18300024314301
56.24790512071757,10.15661361279876
56.1438719027014,9.957777345085551
56.23961097454295,10.24128996520107
56.12255552325671,10.0354298936266
56.04103156389961,10.22787225233544
56.089718701256,10.11884952795358
56.18579842635386,10.15340087048646
56.23630104170896,10.33187899473617
56.2075568214137,10.25839504136257
56.17655092311369,10.21528206189378
56.24823146645566,10.17180112296755
56.17610344620778,10.13125574177319
56.13768872010747,10.1204947978079
56.0341449988743,10.17335037874904
56.25205483388446,10.15531483413293
56.25176404318979,10.18268844384579
56.17217602096193,10.20828831960098
56.25929247365276,10.29411254384995
56.09246086920639,10.24587685153982
56.12909806354517,10.10631452041512
56.09519583271584,10.08288474990736
56.08007173834277,10.14767544973352
56.21106399752747,10.28385889138786
56.16686774354213,10.1499816657382
56.03996024895039,10.18784312634716
56.15573058555523,10.06191379215874
56.11261286557388,10.18963791468158
56.10455434058218,10.23345056474215
56.1143034521396,10.14828536120849
56.06789717474759,10.22948451307277
56.01653498721607,10.09031561523306
56.22117832318709,10.15884293802059
56.14355828869726,10.23086085047723
56.10860135527168,10.07534216115121
56.18649322615927,10.00600808415639
56.2071809494042,10.14826297572868
56.03884193764412,10.20638508001469
56.1583043020948,10.12724529845706
56.28353828969788,10.14829998227819
56.26884839038767,10.26369070498961
56.22506904612744,10.0577826969375
56.18704544866056,10.22162140450669
56.28978957536512,10.31240105105567
56.12467471519101,10.05818465317712
56.03012897774487,10.14902527388927
56.14828648050789,10.18959694932339
56.10030744294647,10.23637716553866
56.1464064450268,10.15594435625602
56.16787318415002,10.05242343129717
56.19700294327524,10.21150300647043
56.09535029538537,10.11955442176138
56.14135687544439,10.19461285040249
56.10850167547739,10.09794345040577
56.08401031351057,10.12817702667211
56.24752817824857,10.24972670284333
56.26645238040657,10.24898417156701
56.16871963989863,10.17155034201066
56.02069533446477,10.11651343596888
56.16408308631891,10.11430994796582
56.22980882888533,10.29429129866283
56.09151005046624,10.24551191811374
56.17775202897057,10.19013925985439
56.27111056953645,10.14275838250995
56.18899169330854,10.21991269834474
56.19064919561353,10.09493005700069
56.19476763444174,10.24328856547174
56.14610097609338,10.19819527669733
56.0720188947515,10.2376220114731
56.06271336963848,10.23715982599905
56.06440359487936,10.1924756668323
56.19210754988082,10.14957084930344
56.10300245506745,10.15093663613957
56.15010691961816,9.999591521102948
56.16508392947133,10.22284875491861
56.0344404740507,10.1901403258035
56.09561362475297,10.12889089554583
56.30493034669293,10.21227581423327
56.04817164471554,10.23088150192989
56.29533711073653,10.25814006035021
56.00472343565983,10.05795726061933
56.10715590448844,10.22734195007881
56.11727434257924,10.10623675681948
56.2439313537978,10.14065290915688
56.09863601438821,10.12097203166583
56.11158238645126,10.10559709974852
56.02186919107864,10.20288645392007
56.18889208199293,10.19723361323635
56.23516023474362,10.19177070955455
56.24251254089354,10.25891539963093
56.0221451252747,10.10091827154871
56.11565973073974,10.06131720803081
56.2692419969684,10.30522471938719
56.04086917741367,10.10161639151658
56.09176952158701,10.15190912543882
56.21212486000469,10.24050099731379
56.16048795738006,10.19126460126454
56.25069004243237,10.26010741377588
56.23630374372742,10.25366868480081
56.16254902676426,10.17432579562375
56.03968399928032,10.09077679862306
56.23796929423941,10.24962941905968
56.28975804469604,10.33120717022461
56.10929982743244,10.019571711563
56.06282574616989,10.21021242817858
56.09227048834341,10.14854777968807
56.10601521853419,10.17075058937072
56.18926969647318,10.12105916450441
56.20247227391575,10.2566383204205
56.23596010545033,10.21871010819179
56.06319630415955,10.2131829745164
56.29570856383361,10.31663588370018
56.25034455643958,10.21223970143575
56.19223592954238,10.07417714233776
56.12211556115108,10.0905303098415
56.27499964136464,10.23723595042593
56.11350144571652,10.09296031256919
56.09464471896014,10.13143182043183
56.18534086656631,10.04248669565133
56.22006030234164,10.2665353696394
56.28604364395304,10.12685492271531
56.1312287737566,10.12211592108518
56.02718122289566,10.10777973221875
56.17476762973956,10.13163570061406
56.18099372450619,10.11775103545421
56.20631321341553,10.14054680575807
56.19849504756368,10.19136302429294
56.21863285566896,10.15222865649705
56.15798163383212,10.05377484221961
56.20791916936867,10.08546623153408
56.24182735346965,10.19045213413415
56.12438749794634,10.16064957192605
56.29674720044599,10.14116047755605
56.08615110302718,10.14536713561263
56.07534548735774,10.2181309626037
56.14727861515085,10.20568082163732
56.11137697468597,10.12035929821823
56.03206323226191,10.26830525563453
56.12156910845819,10.20718752513742
56.09212239550651,10.20878829360034
56.16318082368191,10.20874139050777
56.17983133534161,10.10230509123574
56.19428475356791,10.17479890902247
56.09519995549816,10.13740915463717
56.08660912580137,10.23339463838085
56.26127919796335,10.2668443570697
56.14315111182203,10.22996850515474
56.1410974673614,10.18394098371384
56.06924393268172,10.20622091208154
56.18219779013739,10.12299922625454
56.1546021981715,10.15132193613716
56.12399312187236,10.00262148130759
56.04105537522916,10.09974473209931
56.27479085798112,10.32193453964075
56.10830758346476,10.06688334103408
56.1337120604733,10.00910794306586
56.092736520588,10.20458205738574
56.209418737478,10.17287108577521
56.13253184554795,10.07863113304456
56.17948811919246,10.12996571209896
56.08807348216074,10.14133645806967
56.05729053438963,10.21580431889377
56.19571842597507,10.24307274129439
56.11105187647708,10.13831757646852
56.1872808007218,10.21296498463125
56.15520828712099,10.20062456729278
56.21305308720512,10.08577302292429
56.22124772538641,10.15910535201525
56.09223528770736,10.13577727447225
56.18091542468338,10.13633966743683
56.0723494690867,10.15572399150185
56.22895356351849,10.18112805736537
56.23117287511352,10.24678430434376
56.10096972110024,10.07597354658082
56.17469267402368,10.1026881209624
56.16233187295481,10.1808060204565
56.11277890001938,10.08182519777702
56.22552913104027,10.1972550535523
56.07793168863311,10.17033484556882
56.16663582986945,10.22459710309312
56.10682261951697,10.11078702308033
56.24153337147179,10.22109016842407
56.17535097873271,10.14708487902563
56.03549753210016,10.18630406838908
56.22762137159859,10.15677879702649
56.1194982163922,10.03636510378346
56.18585515512283,10.12987474509225
56.22780750326314,10.21766716784615
56.10642337473563,10.11263793416565
56.14231752049508,9.960295942438831
56.03040412280801,10.24018275627025
56.15458019456287,10.17366512628179
56.20253155658158,10.20848420534693
56.17799847623699,10.19308042019821
56.25696062627273,10.15765310022621
56.04009770215593,10.06788991558414
56.17701062645832,10.19313222846344
56.2271170277059,10.29155185858344
56.15152916054402,10.1065362971089
56.2924549093356,10.14977273483771
56.14561425737921,10.03288330402471
56.13738687997264,10.2008533607916
56.18806528789063,10.03806726181641
56.07390819439515,10.22638240186967
56.27740140165712,10.25191313864207
56.02789170296728,10.19269563350578
56.19266911474035,10.23133232822014
56.05182234090601,10.12814211793762
56.28554427815583,10.21971932384658
56.12105600866232,10.00373627120661
56.12760457346099,10.04207837443846
56.02586068187687,10.11356330044119
56.18670899302322,10.20584810819322
56.16768457490717,10.15643853228695
56.13930550357427,10.21669266433034
56.25503355526658,10.14888334173054
56.17391702033513,10.18347755475323
56.07245631426566,10.1667969352776
56.24413212921495,10.15770031614678
56.15526322274226,10.12088715785276
56.11832330409078,9.996477014134916
56.19751566658105,10.06234705638838
56.11010822831676,10.16206461767886
56.2313312013962,10.22306510157326
56.20685694186183,10.0428719777449
56.20945729442623,10.23934475293267
56.06310841108277,10.20195519181492
56.1067523753673,10.15748912384672
56.19766173168683,10.25255715130193
56.12343532475436,10.10331269293529
56.03282682579726,10.18788672779293
56.06051343580714,10.20223465648772
56.19928141204987,10.17903302378872
56.09115062715516,10.12187395389534
56.28149020461241,10.31303455820229
56.04479602569884,10.05798450562773
56.24783502315054,10.24089017785093
56.16293469114638,10.16092603579239
56.08423889979645,10.17840461392976
56.09778437498678,10.07077566173784
56.06106772914391,10.231182916436
56.18000952013205,10.11271998471256
56.08605277591264,10.14798393469514
56.26634390324177,10.30532028023061
56.17060525992962,10.18073211241182
56.24545173860293,10.26128260450032
56.11164549616458,10.22836436866926
56.03559395442584,10.19508564699827
56.20988017075302,10.02670646103489
56.03693403232155,10.05218962223341
56.10907445951612,10.22630168665819
56.0528434927659,10.2115145701952
56.1948620818309,10.18166712375695
56.00463598485516,10.05467136954468
56.1092177969,10.02305193150265
56.07137104196624,10.10141311391354
56.17170706076347,10.17896995513916
56.20162467001224,10.12188447299939
56.14233711627758,10.20764419248973
56.17531277738399,10.11900725058196
56.22809125393279,10.30791237904504
56.12603201261029,10.13431871323149
56.14374200061739,10.03717513657609
56.14554493558214,10.03238989985843
56.06081056186225,10.21679019068379
56.09692709790625,10.18107063141602
56.24685234820104,10.3326275488883
56.24022880338972,10.3232858891902
56.14686684643075,10.15182010517817
56.28001838431771,10.32361766918675
56.10084468586194,10.1995396868754
56.12958450056546,10.19036584839385
56.10263141093874,10.08249326646598
56.20476032792613,10.17651018110666
56.3202964016364,10.20678845507452
56.18406660225141,10.23151602310351
56.18023140878095,10.17321200024182
56.28215790435411,10.19103301390757
56.224876567619,10.21896570791807
56.29629620616736,10.13166175295304
56.07905171282889,10.09929688403439
56.06832628955474,10.16107417483894
56.1061463250113,10.213847868945
56.14902236389391,10.24518572355629
56.10350881675018,10.2338186758007
56.17260573722569,10.18631737274318
56.17330879739707,10.12610771225166
56.24130373172265,10.24113042143624
56.08194987439634,10.20944813783874
56.14832399271753,9.96911540144339
56.16850442990033,10.2099953084004
56.1149711421068,10.14805826003359
56.11859481136397,10.14172844520552
56.16974842053707,10.11071848491697
56.08723626866891,10.11804785451303
56.11769679766672,10.17641445973039
56.22120616078778,10.13151124587967
56.11155418158977,10.07984056731997
56.01724361146516,10.1010994367606
56.11717742119076,10.1674542261547
56.24047681647919,10.1950767805445
56.23916892679129,10.19537408868003
56.15384171022107,10.15716515387884
56.13275511781643,10.20899068085495
56.05392093947097,10.11603939556101
56.09071397706767,10.13690197963187
56.07114097825578,10.15925801518562
56.04855051845905,10.14451878344986
56.26116434591982,10.2065803533551
56.18658730269902,10.19077894216401
56.11039756658701,10.12819780155939
56.14501433012298,10.08901191479138
56.0774310966709,10.12570146497357
56.27252817615997,10.19784886999087
56.16551941920029,10.05926659904421
56.24489269004312,10.30847702839892
56.05983089366508,10.11709480947612
56.03668811809693,10.12464971630365
56.11964975409072,10.09654833156871
56.19263011542886,10.09289023165316
56.22555063351844,10.24170473616152
56.25055299540007,10.15575325005175
56.17593376753639,10.15031798917094
56.17870219620021,10.1157421154205
56.12492285910327,10.09605370491417
56.07782474139594,10.12472556226478
56.21406886727318,10.09694470413895
56.13819850581172,10.16164839072893
56.1548386625398,10.17237119776502
56.00275840969147,10.06517148653874
56.25137318418303,10.19541825800095
56.11812636853343,10.01892278524753
56.0673894132138,10.16022959650366
56.11939283064851,10.17515254285477
55.99798188979022,10.05252339641498
56.15019301665556,10.17246057391244
56.14827699738245,9.99099320081707
56.21995417982087,10.15254879883433
56.15302844851974,10.00349169109993
56.21942097965208,10.14615981114192
56.18722200127439,10.03063571785239
56.20735111015694,10.06628149040787
56.1310315933799,10.20591320476107
56.07050521057438,10.22734420620403
56.20772916540007,10.27468851113392
56.11708846269291,10.18645161060003
56.16386702761259,10.18622858290009
56.28158218086192,10.31341142007094
56.12512014229228,10.18707289408491
56.08054429685102,10.23471157890717
56.20338333161897,10.1249813354708
56.13953478922553,10.18081832827835
56.22910278171272,10.25286401892402
56.10833045841213,10.16898983412753
56.15759709301433,10.20009928941741
56.11983649031202,10.1692565136919
56.31974264253609,10.20428410840607
56.04958002819855,10.19746114757132
56.11748281968385,10.18589164904956
56.0841826560489,10.07998650690191
56.22008110697951,10.13042661459316
56.1042486072613,10.05843836572931
56.12369336410213,10.19334019225737
56.25376269637412,10.26173654736604
56.2034763677621,10.18661488476612
56.1661669155322,10.18437794526412
56.22259964993326,10.13452154634664
56.14826548231415,10.16880435254749
56.2277889201836,10.21844881580296
56.2982827757858,10.19665673022814
56.11909893247637,10.07781826138087
56.03499721762616,10.17667712787899
56.21342913799021,10.15489415644035
56.11529962828361,10.20905237788823
56.20264705397143,10.27488437241495
56.02190414073156,10.078294590166
56.20528711910301,10.26897556058704
56.03081199908237,10.05875620650832
56.10497489411546,10.19147985947837
56.21583881446041,10.07718003627473
56.31277302578123,10.20897890771422
56.20696904336592,10.27093094472909
56.08879255657904,10.08432084649999
56.16871562715784,10.18681184906318
56.03955114301866,10.18288758818418
56.14815790032383,10.17740993937507
56.02165035203923,10.08849794667361
56.09278029660233,10.13450269194183
56.09229486187378,10.13792126648489
56.19691365925066,10.00086066660593
56.18089543520727,10.21552927530615
56.09498586555429,10.07659192950938
56.15786731387261,10.0606411689158
56.26374724204859,10.32631603478858
56.25663648402353,10.15721543986634
56.25139902259338,10.17430814595364
56.10135524015537,10.14333803285577
56.20116194062187,10.2095717401743
56.11318440829543,10.086537289046
56.10674927817355,10.06247161360958
56.18608330670814,10.19723020187731
56.14258377063764,9.962979784110644
56.20881320720748,10.0961922047372
56.22280874302496,10.2201638261332
56.27228356425085,10.31114294993286
56.17548862735262,10.17556632599221
56.03873707947561,10.21744534534955
56.16199377268937,10.16758692687746
56.2277372813903,10.23156603648814
56.0406229626944,10.08973642566801
56.08601366563395,10.10312869217524
56.07395126401553,10.15858674136349
56.20225834443946,10.24423180160942
56.03742827563321,10.18950483153868
56.13807062475783,10.17489466155178
56.22003342965406,10.15926908888424
56.25068999292098,10.21258906159696
56.16943678745388,10.15974645379469
56.10091996941352,10.07843500125639
56.16180839086701,10.1912961914681
56.02692503131697,10.06744383537982
56.09948806343768,10.10885112909037
56.22197674589274,10.24990695629628
56.11746868139975,10.19496143446188
56.0424109429727,10.22784356099624
56.06293000318061,10.22044530527216
56.02991142287515,10.18536809689476
56.18684179476077,10.18751135029544
56.2015778039849,10.22428695421908
56.19854910829593,10.15639713146031
56.0655055501779,10.16197452868761
56.12649104475821,10.10766958437627
56.17089202948519,10.13941588486879
56.17997479800324,10.20946747779129
56.20213334903242,10.25364094866572
56.17814531432036,10.10135115776542
56.00703761160393,10.0554142854169
56.19169372991416,10.23831031489145
56.25816363579105,10.29491208521751
56.10509092307291,10.0467672758682
56.20447694103301,10.15808276971964
56.02989313210715,10.14711933239137
56.15286745997744,10.08784549883307
56.20969232616385,10.03799536128224
56.31616961843247,10.21716420925139
56.10224781244919,10.21597981303725
56.0961634007949,10.08076990502492
56.19499383862022,10.20552745524961
56.2062178736844,10.27632789864128
56.04315211897759,10.08019302332007
56.15852634252345,10.04750532079861
56.07425942592306,10.15747844935736
56.12458475000945,10.1166549787178
56.25207088766131,10.2248977518918
56.13047664524029,10.17191768680407
56.14683600475622,10.16426276713748
56.16238430939609,10.15361555689344
56.13141412857042,10.0404889725229
56.18729886746429,10.22238392366128
56.14937708046151,10.12319488656791
56.20400629519933,10.27156823659843
56.24792575271985,10.13584642848307
56.20083235261671,10.19371175617441
56.13041759860361,10.15457408854392
56.22736190302661,10.29699434223387
56.03109836975426,10.14405972227257
56.12602693077208,10.11665614474459
56.11501683241161,10.10632989244419
56.08687827288993,10.17807379427702
56.11227267147999,10.21251157603379
56.08343965383499,10.102622941541
56.05784302768896,10.21421485191311
56.17000329021954,10.18477422100024
56.10904001443692,10.04822036501149
56.26289464035292,10.21982347490639
56.1247748240141,9.997519791311081
56.15301290264411,10.02397266363679
56.09104751797529,10.14065229919803
56.15087047223539,10.12192026161822
56.21760305253364,10.06060028982739
56.1532675382695,10.19711554714033
56.23479380609066,10.21993726814621
56.1584404786168,10.16521500242618
56.16517933578007,10.02623294771189
56.10590480054162,10.11081909006665
56.25040948655952,10.31798672408388
56.1321330083871,10.06062542479379
56.05814786793072,10.1633296546802
56.11753221873757,10.10462379748891
56.21685130932445,10.09035313743042
56.09294918271529,10.24216811739747
56.12594391686027,10.20927367858444
56.23142877428657,10.24461477516078
56.10680889267333,10.13708391429537
56.20325271238124,10.06770906028536
56.12984530867453,10.1784469366035
56.29072289843477,10.21489537753307
56.20139308411605,10.24607974938882
56.06088208956963,10.21125510626884
56.12479837296993,10.13989936544346
56.23963151951708,10.33404292576554
56.27711440979915,10.3107916806245
56.30213647885176,10.23280382670785
56.06528946737637,10.18979307367314
56.12587594168117,10.13623134429687
56.21608724767616,10.10316080730278
56.12503381535582,10.03478542723654
56.0906774257838,10.14545781468988
56.11056566267426,10.13518819324391
56.18358648595117,10.14842429023291
56.17801247408011,10.09678996301565
56.01727895788033,10.08964085009726
56.15454666748647,9.97703713951123
56.10451040241759,10.11386071253019
56.08605173353417,10.09640348873598
56.23554290538422,10.30622655558759
56.29448534326233,10.17713439395558
56.09485941972764,10.20951750906387
56.08840168079173,10.1308806726234
56.12012896120353,10.17082346242521
56.14892935354255,9.979365710003817
56.26581767058008,10.29693028368254
56.26922888959447,10.32740966591529
56.25289895558896,10.15221458393093
56.21480560269082,9.996959810869477
56.19695891269329,10.19062627565386
56.17229689369487,10.14171376092678
56.18794146431512,10.04601531542378
56.00611688933544,10.03474414080924
56.18614490656955,10.11166974364017
56.13300027371316,10.10600785435854
56.17419426408669,10.18017578765668
56.11279319441537,10.16643783011974
56.14986375618651,10.13184396458079
56.15297163368319,10.09132663475778
56.23049416461168,10.26042849098469
56.23817708835724,10.19116924114099
56.23563977150696,10.21932752540497
56.22942828913948,10.20410760657646
56.15122258607639,10.11319445087395
56.30285727067864,10.21567645680177
56.15290779100212,10.09195574404259
56.15415804189541,10.13768276925748
56.25139994501343,10.13746129666452
56.10870059004446,10.06987855895747
56.12232738878099,10.14891902296846
56.16898372046823,10.06466326130433
56.25817785868841,10.30962222757465
56.1410318637495,10.1843078121932
56.18908602533482,10.11750344351737
56.20946493349889,10.15924849736965
56.11806135911131,10.14844104892044
56.20302312819736,10.25013912468187
56.19871964194004,10.05687011149853
56.08521462289918,10.21152971980732
56.21453156365972,10.06295309579355
56.16840728788948,10.19681171002807
56.16016254088841,10.15202620633908
56.17530130422037,10.18608904092369
56.10374852393419,10.14442807112084
56.21135289739086,10.28302936045709
56.14844325957596,10.2108374763323
56.26280647515124,10.29276261299713
56.11240445039233,10.16289148199628
56.28464052479418,10.21422528566085
56.18821564314133,10.12271385010931
56.25714382537778,10.26533496019966
56.14037986582053,10.08918269429682
56.20307191766508,10.21039514584134
56.18866757095174,10.17586705550175
56.00547799851418,10.0544962428874
56.15336765089976,10.0370667582237
56.0182959028047,10.13662734228943
56.15241242787533,10.06610849777596
56.13024247615481,10.04469035083077
56.09338772464364,10.1569908000537
56.25233212820935,10.16875925921297
56.03105189213388,10.14013773613888
56.15572951975719,10.14177589455185
56.22328842171214,10.30093367992923
56.19157137496691,10.00788223048036
56.22195134530805,10.19864955635344
56.06896021690572,10.13302054783856
56.1943641324786,10.07171964286731
56.06949224154327,10.1652955348996
56.16252512377427,10.17160587244459
56.12737887905192,10.13095787053842
56.11596841945686,10.12823134550655
56.25227500793788,10.23800037300932
56.13031629091243,10.14874709822148
56.10865580143584,10.09342850798262
56.00941154145201,10.05574864493431
56.22149416596772,10.02774928805323
56.16443495407377,10.23016329394697
56.29861964413934,10.1587676973284
56.17602319174513,10.11640093846743
56.18333702841177,10.0544431869932
56.05178324192708,10.13026208170012
56.21091266855114,10.13535876936808
56.21769429087936,10.29339370047142
56.13636982471709,10.15787492124694
56.15993314045636,10.14824355963562
56.19644362735581,10.18534948386607
56.20065720023242,10.17275864347773
56.1563764476989,10.19868500034092
56.10008810960905,10.06539873649023
56.28383996402304,10.19228697398093
56.24941265050553,10.30281890741351
56.14793048511671,9.968130145930411
56.08944647155283,10.10376186805675
56.16510444226881,10.14734548481506
56.19657066561769,10.21008637152974
56.17469851905506,10.18067463888987
56.21318151237694,10.19627671763207
56.19203791115394,10.18619455279639
56.16664886386413,10.12032078209086
56.29827683211029,10.17966433635568
56.20655034666085,10.18754348175315
56.09857817369815,10.13804081274905
56.04291369262167,10.20618491314941
56.10146777714228,10.1973046167842
56.24617223171006,10.24762968769194
56.15552933822334,10.09274688946923
56.10379519737414,10.17805654310348
56.24822121669145,10.13624458114083
56.16057578865603,10.10352990071031
56.16167197510078,10.21132524833487
56.10948280477604,10.04260829657562
56.07470568046197,10.1108135304597
56.19234006263981,10.1096827861261
56.20111574497452,10.0773411879181
56.05651008460764,10.07701349788506
56.19155602856677,10.23834732634898
56.24202353197249,10.27132820206984
56.14557942566559,9.974969762827103
56.26261023181667,10.25214926661106
56.11273457312091,10.21500108251152
56.14625756589291,10.17541868040399
56.03221706189262,10.18985533263746
56.12333061525775,10.04426472752938
56.17537383182883,10.16290701053266
56.07620695683544,10.18490892958783
56.14694235768269,10.14467846147477
56.18711163437261,10.22743036853595
56.10173550603635,10.17300475172526
56.00974435111634,10.07217488449757
56.24031921829278,10.21174650620365
56.23270567137968,10.22935805410209
56.08259111768336,10.17628847283239
56.22088272887314,10.15591407933255
56.12779450976853,10.19070658745655
56.14075556890666,10.21393082499404
56.11809311425129,10.13918213681907
56.1253766592715,10.00344749687422
56.11419516935408,10.09138008120938
56.15922118835832,10.00633012649187
56.27591400392161,10.31486759519965
56.11210235450366,10.19304752626075
56.15891457646102,10.12116116561503
56.19574434635378,10.16889534532501
56.16617881136175,10.01165946245443
56.12754314447437,10.11681135822947
56.15020813653527,10.16623112062019
56.23215822738803,10.32910778982166
56.06164557978765,10.20015023099734
56.15521994422819,10.2096932525912
56.04605530599755,10.22086226142369
56.14290076437899,10.10753649057243
56.18058130024991,10.16832786574292
56.27545188083744,10.14764728928982
56.05648411887834,10.15507346799511
56.15335095893872,10.16647242870494
56.02037031808279,10.17923684135601
56.07505661851711,10.1962366152179
56.18971623745337,10.15735001558829
56.26989116385987,10.20460207856852
56.10695161358432,10.05351311902877
56.06111064124828,10.11362120667419
56.14497948992714,10.14997528545962
56.15196440363908,10.12430387349346
56.09345354430353,10.24246789190088
56.09482593612752,10.12543636438311
56.18542551753206,10.15407256372301
56.18629354980109,10.02258639973042
56.07683440933812,10.12232002864895
56.20648625343041,10.09179402549728
56.12694621511617,10.15904116325041
56.28760153558582,10.24247825349338
56.15982808787079,10.16086714428625
56.17943636333398,10.1978248870341
56.15324923594319,10.19255605122399
56.14694624421936,9.973231264641385
56.12577987899546,10.17470060114932
56.0903299710449,10.17199699023245
56.15914496127137,10.1091549143857
56.03189559710736,10.10484961520796
56.20236653615988,9.995099345971738
56.15772504754224,10.12075703506726
56.16259258199169,10.20384184417256
56.12582725835072,10.1323053668925
56.11379817068411,10.20608363163458
56.13702779643359,10.16937798630025
56.09807220317361,10.07037436281749
56.25796662108464,10.33963081919535
56.26732179281286,10.24710991162718
56.23961353339644,10.26277572578939
56.12707325732306,10.00692430078738
56.0393255152399,10.23984525353471
56.29703932133945,10.14449581110067
56.16101618693151,10.09694369194573
56.07278473917386,10.17005623036219
56.10044367572085,10.09154374334257
56.13431557033876,10.11488272617242
56.06635738150533,10.15344818996258
56.16237775239156,10.20170461776919
56.11339264658599,10.20878650749105
56.176930521354,10.13273496230123
56.04378830655953,10.08842571447757
56.20806105597159,10.22850854146156
56.11346133589232,10.20224241974845
56.25905392606628,10.20542182645391
56.04979673302321,10.18541370602182
56.13185960939201,10.19968783524027
56.2062223833528,10.24633032680974
56.19168481698612,10.10620642772287
56.15012106106887,10.09073951087626
56.16948543528389,10.20186543969251
56.19511963938878,10.18278740964418
56.18371734495631,10.05590884635644
56.0601989725521,10.2166220773206
56.0422078382238,10.20594552867511
56.1841742144056,10.08579571575218
56.17052193364895,10.15099417155095
56.10449473992176,10.07643633928323
56.12864622077618,10.162248145521
56.03079378628692,10.05909068874072
56.08868484774257,10.23002013554692
56.26802207075028,10.27102639915965
56.07050992771093,10.15554371674733
56.09560087659546,10.07787247297165
56.17780503024263,10.11897787640287
56.20616236681306,10.275080297954
56.06280788607076,10.16763722464987
56.10105563360426,10.14071921693288
56.23493173887604,10.30972458916661
56.18673647007149,10.01310484930677
56.30008369172629,10.14470230392819
56.19171953932252,10.18818271424701
56.29338727431306,10.14960364679628
56.26320959824096,10.31898963315864
56.09575930707981,10.11931678133899
56.25863594658301,10.33271377077551
56.23849358594453,10.23959231098875
56.18713393173099,10.150491414125
56.00502926505235,10.05733586935947
56.18808131612916,10.17920991725448
56.15623151610556,10.20234895984551
56.20638968142981,10.04447251586859
56.1238467726661,10.05964562374424
56.12854058668051,10.11207032632403
56.15244023774469,10.21133293816138
56.16484754723322,9.99334368962578
56.2020431782671,10.27337358932574
56.20687156226487,10.0478671243892
56.25132318769985,10.26156106924344
56.08517232896242,10.08979342990578
56.06238598412105,10.11000193877365
56.28463599613539,10.33082854506089
56.14220992209576,9.95914572601793
56.21164612690805,10.10365767406005
56.17540829807745,10.11445254334533
56.09540154261578,10.10566115676082
56.2705234777635,10.1518874213689
56.21228889829452,10.24127548473329
55.99779940868296,10.05246919592969
56.15453136249538,10.02830732525427
56.27858750697678,10.29196354116011
56.2015165412961,10.05141920201307
56.08487111518005,10.13840320686409
56.16188330092505,10.21270183069695
56.21296806413867,10.04457110377638
56.14338560486134,10.15489300808973
56.11891666656841,10.20965424708165
56.28923955946769,10.28314693627684
56.04221842742453,10.07970831135719
56.05570376762333,10.21156501957531
56.07508075325568,10.22233801220503
56.14151224058401,10.08949142162515
56.15396040637146,10.05222554105057
56.0033613026373,10.06389514047332
56.17175651351865,10.12000130735046
56.04665391576529,10.09833956419315
56.26462136272374,10.30544354738786
56.14023490494647,10.01780420669993
56.16845208685011,10.21809553927729
56.19210000218088,10.1654239333574
56.13184195941468,10.1487399042915
56.17207819639059,10.18008988945349
56.27368761064377,10.24107686718804
56.19412799091535,10.11853418082468
56.28744505819206,10.19900992116785
56.16986861159502,10.17522871801686
56.28634253008306,10.20243683753792
56.08801743595621,10.15981701191538
56.12891270319398,10.12394996008978
56.15062775386007,9.976819914464642
56.17831548551033,10.20176238245724
56.21342539273392,10.26392028375856
56.22328078130786,10.16341986702612
56.2044025882166,10.24475670550502
56.10879253220588,10.11739632411104
56.22583695724302,10.2366891646595
56.08302612203464,10.14910969562598
56.14356765111783,10.05141664943383
56.10369604565288,10.12242552945447
56.12093645389479,10.15313566593574
56.11761142226219,10.19112229933676
56.15754048731294,10.14991708262909
56.18693414195182,10.22757082710861
56.1164604254289,10.16644791026001
56.19355312342304,10.18500413732473
56.23920788688631,10.22827267660014
56.21922012843154,10.14032488871804
56.16545875598822,10.1918869758426
56.29792239684313,10.15607941227358
56.22797484185922,10.30914470748717
56.12014328225514,10.06682749238553
56.29251980079695,10.25608316843468
56.03602324429897,10.18263962202331
56.14828461923428,10.14372824316112
56.11542535185759,10.14479121603838
56.16278938867323,10.17833835624288
56.11549672691213,10.15202578305047
56.16960905760556,10.17228258742512
56.13411909754333,10.00855125174176
56.05724737246775,10.16693012146399
56.08452292862818,10.13073508759835
56.17562395995559,10.04415588707751
56.10682984957877,10.2034610803254
56.2042573600266,10.13298741076987
56.23823750746683,10.22159443410209
56.23745858167941,10.29778080880124
56.27171749778034,10.30536728122484
56.14638969489019,10.18553432242008
56.11034674587804,10.21016612011229
56.0838015423266,10.1195554753503
56.19051708938552,10.05435622516797
56.27001708105862,10.17402234563378
56.18545544106862,10.2093038877011
56.10974427659728,10.12987377765093
56.17883915688925,10.04070876546957
56.13631706933291,10.1745824590673
56.05452039337722,10.17683069989343
56.09817403304224,10.13318634347658
56.12046455137008,10.01424215210314
56.15970308250627,10.16806595436285
56.17906738385987,10.17803829472709
56.27786011669489,10.32343527972429
56.11600028625067,10.12808108140024
56.25171674211019,10.24681479874014
56.13834269853314,10.15896807775245
56.10200410501007,10.20553553534998
56.16596946091995,10.18638329961942
56.07489950133481,10.12392741985254
56.15855359394487,10.14010193288829
56.15260612498606,10.06073851652618
56.14435101215281,10.20439766694462
56.09100262785078,10.12199857232008
56.22915243355491,10.31240770471712
56.19119456290024,10.11461798324305
56.26443055803695,10.25784944473145
56.20018336995113,10.06579302707484
56.23277511391218,10.20339069293436
56.20034631795129,10.12093634801459
56.03008787116489,10.23438437499414
56.24026391369773,10.21044800080889
56.2390736889915,10.23783360060604
56.11808102960897,10.00722850755755
56.11900401567512,10.16938407415249
56.24041256899948,10.15873945036179
56.20628215244084,10.21107193318768
56.20231267327643,10.24919425692559
56.15562579645962,10.16556298115196
56.16692084644932,10.02759934512428
56.22896409924901,10.23030213469934
56.14719159104221,9.9928810700676
56.02106867363664,10.09181019804419
56.10958879377475,10.18851855284749
56.04730493388826,10.09036487751032
56.02861079245844,10.22706507191172
56.19887776757451,10.06301205371031
56.26369597028929,10.24144284655681
55.99927972303289,10.05265704910557
56.2233286853073,10.13544434698228
56.19028619344908,10.05345308479484
56.16315144377317,10.00597438526126
56.17833336524468,10.21448472328158
56.2569519412335,10.15453488080723
56.29398058038951,10.14651914065901
56.10821214915129,10.08240305175921
56.26605758141518,10.31151727636504
56.1425112673774,10.18249649728364
56.18043604391676,10.15320006478091
56.13165885823621,10.19825883972691
56.2730769726529,10.30841400088545
56.1550077211049,10.19861793809443
56.08392463168639,10.10849352095043
56.11465541110873,10.22347985217479
56.1389432370713,10.20357470327644
56.26891809846909,10.2438256241481
56.17963702682551,10.11441902166891
56.20284099288904,10.24354468985187
56.17639123787556,10.15615356738938
56.09824249969007,10.11525294168448
56.18475875648281,10.22252920715124
56.16714344126309,10.1134764424785
56.27561965986196,10.27883259669972
56.25688452929059,10.3179771297084
56.25535616907712,10.15683251804599
56.15166985143622,10.15673826128244
56.13962637395267,10.20282727147689
56.06799184626568,10.14686345218858
56.17268624454155,10.1012006967442
56.05489532568855,10.15438898852025
56.12170262904506,10.04966135760077
56.24486835877787,10.14682077490482
56.14313200499037,10.19966367198709
56.105233188715,10.04617567092325
56.21054781358846,10.15719850376241
56.19013402407045,10.2019769288862
56.23140426038852,10.15613291744246
56.26906683698802,10.20592918356187
56.15610368263864,10.05412213672045
56.22856087320538,10.25028401376857
56.06928899643361,10.15730864714208
56.10424240504517,10.04310204406502
56.11352078738503,10.07351117906693
56.15059467170568,10.16891516990316
56.26738966245432,10.19048798576924
56.24222879689439,10.19525659128142
56.16358427388639,10.05949472661055
56.23355746037762,10.16058486275369
56.28030678111455,10.21637645695425
56.13172113122347,10.11759009853682
56.06188855968841,10.20279599935919
56.07148378976166,10.15448672506459
56.27872612507712,10.15119733317661
56.16420834876328,10.1872739793303
56.10782673425667,10.18553271073366
56.20611569598798,10.18466532138292
56.14919858063596,9.991677056678066
56.19227184950007,10.16077060060214
56.19906045538809,10.08506461469423
56.07037398010076,10.16011495432196
56.13856461269307,10.17487506316252
56.23364354092867,10.30032702086069
56.10787339583811,10.19680227985263
56.29848155299608,10.15797226433555
56.23289056070498,10.3197112916194
56.23148993116772,10.29498212001075
56.2800033551357,10.31316782021124
56.2797153957396,10.22500623761758
56.21236598697116,10.26986856652622
56.16199637126335,10.15756230828642
56.11057583831806,10.13634816224281
56.04004769451377,10.1904332264905
56.22456812652763,10.23217610518864
56.0950473104072,10.12296661506782
56.07958672829973,10.1136343628706
56.17156884017553,10.04215855303624
56.16777013644415,10.1219358132968
56.18582325709642,10.18690553653852
56.23619512151458,10.20535577184359
56.11352454942786,10.20085023232177
56.14306224112194,10.14154329268271
56.10326985551783,10.20185221124405
56.14887516414584,10.19548921974804
56.12469300314428,9.998348748235768
56.13513858502702,10.06739948960306
56.074731068849,10.2281817730784
56.11623901462709,10.1647759866314
56.03836648357012,10.08245002322326
56.16175260948724,10.08326038967632
56.07511009418562,10.09801623163287
56.17550064863624,10.21622917034598
56.10928564466595,10.01973567043458
56.1441529291414,9.991789001594912
56.11069737022976,10.15943677040416
56.27688261346345,10.15135837789549
56.08062910893644,10.12053253209868
56.24900014805559,10.23658215970026
56.12777207417209,10.11457934359416
56.0327953060905,10.14486026027832
56.02271536390894,10.18057654506834
56.29854688488172,10.14456875456759
56.1808209730761,10.10687821042738
56.26614122803607,10.24956310125635
56.21110689958704,10.10358503930485
56.20144933724097,10.15806706800985
56.2093792691791,10.23289535786961
56.23762121628543,10.13021395421672
56.24529436463088,10.30309925485262
56.16551888691164,10.16554270751264
56.16847004841139,10.11567940291505
56.1243078205152,10.18749503500602
56.04203259868063,10.12373107290808
56.20140486151447,10.0872137306673
56.27255003236665,10.28272033318554
56.12952348776124,10.083810386262
56.20518289892075,10.2328720788436
56.11567627849217,10.12355988942471
56.15020481575618,10.14527381739602
56.18363325752565,10.07459120184038
56.1228067684677,10.12864809084837
56.19050023956109,10.17939771988724
56.18832183463533,10.23304501621008
56.12966396815883,10.08659863329746
56.12611213576618,10.09640136336112
56.02976783871568,10.25753726661788
56.23592920324212,10.23896559563957
56.00895506123926,10.05575377235901
56.11810165498066,10.03688651039329
56.11639825288539,10.13278481112951
56.23007006180326,10.24564177639474
56.02186831545718,10.14003019054591
56.0649561801219,10.10673451388929
56.18618194065624,10.22049478033485
56.23663599963128,10.19971083013451
56.11991025029117,10.07963587437734
56.09063634591175,10.15070388385461
56.04299239669917,10.23931520531085
56.25469796327209,10.31368029210238
56.10494601503847,10.15523926239366
56.08504479774691,10.12325619487909
56.14758742435883,10.11938168190804
56.11687446868247,10.180616600664
56.21729361436444,10.02494022108792
56.11452886070468,10.18831987163043
56.18563726882339,10.1901271218047
56.18847024789228,10.1761954978891
56.19406876959079,10.20920486116435
56.24316060486493,10.33130796955102
56.25485619634567,10.3041333090161
56.19356633715504,10.05808185718565
56.11961428428139,9.988864274204769
56.27780689724547,10.31503266594804
56.28038086040136,10.22196314048811
56.24854015825677,10.24904275987716
56.20201970682032,10.17491393344719
56.03694157052733,10.05235420389628
56.10067043768765,10.0649667427564
56.21697726508746,10.08315610226125
56.07058452727394,10.16164069308554
56.16021969965544,10.07011836450957
56.15093998498221,10.25323328731846
56.20208478076363,10.12243628009916
56.10652692518747,10.20253251756592
56.21819878511378,10.28510278678581
56.06816096685805,10.18877904392035
56.17657731038842,10.12183892610514
56.20475955598702,10.22623766248818
56.23241756404347,10.32841463631224
56.17915496534653,10.21547095755693
56.04000430447939,10.07218281917171
56.28828942602819,10.19633522122746
56.28249588477355,10.37404306420756
56.11632966912915,10.01483765997886
56.12868371297994,10.20930085763543
56.21334455963309,10.04678038530792
56.0591430545719,10.20690851537188
56.02185386744442,10.18012602144562
56.0983104207168,10.18719379136723
56.16718989011706,10.20011504034071
56.20455261583323,10.22825014218827
56.07363450097736,10.15055420391871
56.11581776274119,10.10548715759368
56.05735526733391,10.20810963999231
56.1465202668973,10.16480699244787
56.24889395279148,10.23479209525101
56.12176640880959,10.04228363963621
56.17769524798923,10.16739372251889
56.02185062392044,10.07315288394409
56.07788184137426,10.144296002399
56.19864979791491,10.17112405474072
56.16546553352661,10.14087962083837
56.18901447062069,10.1480182381953
56.10999802767024,10.1865517625639
56.14481051226073,10.1910286214754
56.15448707148425,10.20210152875891
56.03943422919394,10.23820726895041
56.17926968324133,10.16262871517407
56.2197347025666,10.16737781472396
56.02940896495908,10.11960324219487
56.15252713047369,10.08174569966469
56.31818663211429,10.20010254735957
56.11849989343538,10.17610309203714
56.17330635532767,10.16363012160373
56.11888182341373,10.06598762124028
56.15494319972808,10.16920506426494
56.17459353674199,10.11139198662434
56.12824626507602,10.14788633718073
56.21119942549227,10.04497484130906
56.12549491495978,10.19533647100276
56.21905833792944,10.14145483161529
56.18280362113137,10.12282312891393
56.10475661860048,10.13997796399816
56.05267737986657,10.08333632536466
56.13163376035481,10.12882313409216
56.16465580317659,10.1777321437568
56.19715133447659,10.23076136074747
56.21373506199049,10.0245207263473
56.16873070093741,10.08050334470951
56.19343706658481,10.19655962394414
56.19762125908021,10.20629606811253
56.03861819096293,10.08839023615381
56.14335562282609,9.988623325657011
56.14850608379477,10.19282682116498
56.06588748588829,10.18676183842089
56.04644025906299,10.19309399144707
56.24279190261807,10.24323628201825
56.05582364495595,10.10801019034305
56.14449921055242,9.99235592608524
56.25606965059102,10.13765302264325
56.09852491718411,10.16144592903565
56.14500684774573,9.961302063518577
56.12969325531583,10.04483624124479
56.00943423746329,10.06977045393902
56.07699104872003,10.20932345069619
56.27631707868952,10.28420937227048
56.22475143493852,10.24651859820867
56.24468046861018,10.31052349030415
56.1583193418039,10.21415159666421
56.12614658039537,10.11017717579158
56.17321475986098,10.13934390586815
56.11577318164968,10.19375263896529
56.22316930602434,10.23006342877261
56.11391085646672,10.13010135127051
56.14956740117032,10.20538626516648
56.16725034605096,10.11166908955816
56.15874615683731,10.11259478502114
56.31984251009353,10.20559097849528
56.15293400553008,10.18758294316186
56.1072613485165,10.18405594214037
56.10576539825969,10.07791392313495
56.23173699194426,10.29513293980323
56.15783701092439,10.06115722327161
56.19335973332733,10.11753171808554
56.20628775288139,10.12683802631381
56.20401650263786,10.25718669553094
56.18497670507568,9.994760895892531
56.111627943535,10.09587924455152
56.08451195840279,10.24875444125763
56.24300938151221,10.31165195756723
56.15758051462382,10.17369449720426
56.18651717654095,10.14887906470034
56.04292845307097,10.19125241016879
56.18163177888051,10.20890489646204
56.2206048142997,10.15451087371153
56.14510622797278,10.1691426672937
56.25954521653967,10.33783094473177
56.2973090184725,10.25833871533671
56.10537651629196,10.13752638346091
56.06184541621681,10.11152925736518
56.17928873945151,10.08629672199766
56.11107073668795,10.0929473083141
56.20822776747391,10.22048030976025
56.1059163895755,10.0994164904625
56.07544982398486,10.20276064624146
56.15914905879625,10.08459287355896
56.16741741076011,10.18740067307023
56.02590310990678,10.10820659473416
56.18814106507025,10.20925215832668
56.16586616320769,10.09937200929869
56.03412556184328,10.11011406387599
56.14642067706568,10.02567824297023
56.02139806121928,10.05891755429538
56.24358231253525,10.22447891257183
56.30284499427378,10.14054451953301
56.19906189253705,10.22614613171664
56.2594086822584,10.34165468733378
56.22963574550248,10.2913571627257
56.07375748128989,10.13381157475259
56.15185180785806,10.168078544912
56.13702518125591,10.19377470032696
56.20494470129815,10.26874932895047
56.00975056472742,10.03597670429849
56.25884632536484,10.28187486873961
56.08651677638668,10.2240053125082
56.16426186545239,10.20187183147995
56.15896660988711,10.19955535078884
56.03774270473105,10.08845980011672
56.04491220289722,10.08731617438921
56.2049264251434,10.17310761195098
56.04564376628039,10.09634864278009
56.11141742324047,10.09955299849802
56.2190172575696,10.28542970707169
56.17468823587964,10.10701409232395
56.19559829663257,10.24351891547334
56.17059904376595,10.21018820365036
56.23519778636097,10.33627093057034
56.22320139111964,10.17196186167294
56.06462258210961,10.21930197890558
56.19650969998002,10.19315678584064
56.14321628450451,10.20742997978731
56.27679416158193,10.31635530985782
56.15576845085493,10.18779593577823
56.16462264690468,10.18021405722592
56.12817629818925,10.18520401290111
56.19095534489854,10.22853644813858
56.21333881583096,10.15683398355937
56.26476979483518,10.31730246117183
56.08918749927874,10.08951292387364
56.19058717485091,10.0705989622445
56.16614638816841,10.11148772063276
56.10673958709702,10.19276544885431
56.28336901424631,10.15082552164012
56.0368955543596,10.19594374108881
56.17569920630014,10.21043661846141
56.19257499978695,10.22636351198812
56.07509022620972,10.19639278238808
56.15003581469111,10.19460459568134
56.23410278700989,10.30747098698351
56.20363563202643,10.18243820307467
56.11311789173621,10.2233089407985
56.0220518514132,10.14040298059487
56.25809322573797,10.20535616379748
56.10643553754374,10.20251102507651
56.06007174296365,10.14593822375593
56.20940189539381,10.04296992593496
56.03711091950964,10.05346805002746
56.23143102725337,10.29179532313149
56.18165353355278,10.02601861150333
56.0689884067016,10.17344506455356
56.21416711228545,10.14479371708314
56.21601128034526,10.26628015369247
56.27138068052202,10.3055592158528
56.13929438488141,10.14116315144973
56.18291951002232,10.12491591967334
56.07117948661233,10.23796376614988
56.14057931887853,10.12024582892398
56.23519821896893,10.24397120042027
56.09298286227757,10.15479496899378
56.04294880473066,10.08736465308974
56.20801428697213,10.04432405413206
56.12331824276314,10.07995133234068
56.19118022591489,10.21100882626935
56.18530268415699,10.08655448502127
56.22752926925553,10.16220309590385
56.10039441721894,10.236330966912
56.20577200307519,10.13182580426708
56.16874153949351,10.10644453286727
56.17853684184511,10.2036393805135
56.10905714872231,10.07910245699295
56.30313524091292,10.21463377585661
56.19943674391843,10.19027226087701
56.06073534128753,10.20435592800336
56.05486308464321,10.13429905276052
56.22713116920063,10.29305814028112
56.17607343423381,10.13027596069777
56.10647309049846,10.03989540065342
56.14716477449421,9.992728742633648
56.00853830129952,10.13953539776237
56.19351421902697,10.21683573380077
56.20257493743262,10.1234076214758
56.11116376086849,10.18601790536342
56.16060639666388,10.12377245404464
56.1540459484165,10.12357313844611
56.12198245624564,10.03507892679063
56.26890897493701,10.32633578839792
56.15755768833193,10.13313511452184
56.16148356452606,10.17798073968129
56.03087561662161,10.23255317093211
56.12341257735871,10.01758657966564
56.30464983474433,10.21184682669636
56.24541364017227,10.30047380871052
56.15896551437206,10.069589101789
56.12221583902017,10.17839629378279
56.13740595542279,10.18572738401688
56.1334890621668,10.16272489227726
56.03748473315829,10.10904026914288
56.18264237868036,10.0899207997737
56.06521091168568,10.21387976298376
56.04576326679152,10.09800617997172
56.13140532284892,10.12606410116458
56.14946120420908,10.16211020816576
56.06833265678974,10.17251826319856
56.14665464357774,10.17663816738406
56.19233612756273,10.09896237989537
56.15987827091071,10.08550646236597
56.22252848719149,10.16376973993104
56.17268780945468,10.13953030003711
56.29210790968289,10.24530072513165
56.01383728995099,10.08048844058248
56.22179224352438,10.15120671374789
56.1203896055389,10.14814684036354
56.26171724055061,10.2929417240419
56.19991038064951,10.2570322673034
56.10853069720827,10.09325037482285
56.20451166722554,10.25828802592671
56.13077158113443,10.172142264943
56.0626429232809,10.10879800118318
56.16967220152459,10.21320174896415
56.17188850096679,10.18716246313592
56.11244274219382,9.983411968856908
56.29198751674571,10.14986152895539
56.23362111903514,10.22015822403882
56.18054228150545,10.17207304253323
56.15453494729455,10.18434893394289
56.14779853882187,9.984629423261852
56.24449535536306,10.23750898875803
56.16039468236181,10.21497175800165
56.15838736877093,10.0734470018094
56.12137098321966,10.16145812686327
56.25715710490896,10.14472892084365
56.24667991268154,10.2422851797448
56.20345141576328,10.22963473975329
56.20099034971659,10.18871386117082
56.1879514600804,10.19312544638334
56.15600049513846,10.05673148103861
56.20696960210458,10.17616987936646
56.32698992767249,10.22057946966333
56.19205099235696,10.01162335122114
56.09123926844542,10.07883072665678
56.03980597957838,10.13332897611368
56.20605842648854,10.18554992181044
56.1155863932408,10.13778183121958
56.30657260106763,10.26270001182503
56.15746551929235,10.13219785114237
56.15126630406645,10.12414787290731
56.24967375403034,10.28112018127299
56.09214298603957,10.11005003722306
56.01415458252105,10.08014165489983
56.1387470950049,10.17487573484164
56.30856023840647,10.21403798571691
56.17059510224816,10.21320473789693
56.10632793286106,10.10761930586676
56.16423482004079,10.13655129733241
56.12623257351699,10.12639441156789
56.28278964866786,10.33900050168617
56.16398379908469,10.20307664673959
56.16752660087607,10.11759691012383
56.2947325697741,10.216623077921
56.27812732574764,10.29646170488833
56.10756422389147,10.0928887265798
56.20878820594112,10.10318479620275
56.24862841598134,10.22972131666342
56.09610410123558,10.12102314003733
56.04113419417472,10.19183423762188
56.10202728740504,10.07181233029738
56.15018059606221,10.12639504446702
56.11436332075751,10.03850508347758
56.08479766024257,10.12767805268588
56.1034031565469,10.07954445952434
56.17916591434128,10.16763948880015
56.30397573491981,10.13979347690452
56.15157724905328,10.10507728031591
56.2305031307453,10.22945383369848
56.18647390282536,10.11281896211045
56.27524389093903,10.23688502870475
56.21037746907544,10.20205467099568
56.18603876037948,10.22704881049118
56.28330126185407,10.14965148786835
56.20867514084437,10.24830112992172
56.20186308520852,10.27119658853199
56.18095169294884,10.00244765333953
56.21444085279295,10.02896133978998
56.04439367794298,10.14771766978552
56.1209205613144,10.12004220359435
56.08734302259779,10.13745582183683
56.04479565852434,10.19462462839736
56.16038285308859,10.00325749312993
56.2098073548119,10.23982878210301
56.09308099591525,10.10802745510538
56.19258925673639,10.11260152227164
56.01046671676233,10.03606107688678
56.03428421176659,10.2155369801568
56.21913362527186,10.14181001911026
56.17716871771906,10.16970601065476
56.157671955758,10.12303538520417
56.27306190861674,10.26426003144998
56.29787469886153,10.17128043001106
56.20116476496697,10.24782039778391
56.17129939901431,10.18910523132478
56.17524599256735,10.09526053936804
56.21893886109571,10.16190808100722
56.17444614443873,10.11934628526907
56.22160023223759,10.15987462995095
56.1874094395227,10.15118857790412
56.09908490167455,10.1349063892443
56.16517808513165,10.14071237236129
56.04787339478958,10.14666345301283
56.20550280147082,10.10039400280615
56.02595843033198,10.18466027722896
56.12396753351696,10.21804155596345
56.03814833360768,10.07441067375367
56.02324470077336,10.25975570260794
56.20428694211788,10.18517392064811
56.10642900227403,10.17592014850308
56.19238657911659,10.23537479849262
56.03646603134413,10.130868203944
56.157096560414,10.06842970757136
56.1057117539913,10.07966150463805
56.08326763489967,10.14635235520949
56.02672459471666,10.14600046378449
56.2494151849188,10.15241690956442
56.25349912157282,10.15342780235441
56.32092819568201,10.20469556821128
56.02192204170444,10.08117430371057
56.25095140700373,10.30226958759984
56.17778346772965,10.1645231043341
56.30207189000973,10.26071752174542
56.15636933623761,10.11309486072116
56.05930329937656,10.0901202460086
56.19910315211394,10.24148571911785
56.1252774965028,10.1819921714393
56.09049323899523,10.08012095312178
56.28669747631042,10.32898270690957
56.11207354317912,10.17660197866173
56.13762721543903,10.18853577577426
56.10704129435442,10.09537445413417
56.18367575870377,10.10437498910751
56.27369995889711,10.24124501997322
56.1269646738968,10.1849513099795
56.13698450913689,10.14733832912872
56.19803164854311,10.05890496417236
56.09478799157908,10.13868554920234
56.00723570121559,10.05443526778096
56.19038350433745,10.1074613181663
56.10768165197396,10.22257650274034
56.26876889128798,10.30992364468905
56.04774488436345,10.24161314426273
56.24761352146557,10.27616259502693
56.22296111119491,10.22354066847884
56.11760817918204,10.17594314092642
56.1227937020228,10.09510332147189
56.1177424203047,10.05452651429557
56.07541110293189,10.23341959187386
56.08465889851427,10.12171551368721
56.21209983528096,10.1663067984096
56.25915638299158,10.32140386796798
56.09670031996391,10.13532656565829
56.28478358193606,10.33096009213117
56.1042955549834,10.08788851561237
56.14964873167293,10.19747953551563
56.14551927799183,10.19222324124839
56.19167125213527,10.22811856353117
56.17164816032715,10.04218316258825
56.11559152497647,10.18738113794212
56.14007967461178,10.20839399191908
56.20839982519881,10.05940108565301
56.11938573900834,10.17452004222205
56.21583875431888,10.02398183044886
56.20080479332605,10.19322166327641
56.13311556907412,10.16052637850441
56.11689199717472,10.13759954586755
56.19438886995647,10.24066117741378
56.23430420136289,10.14116455424902
56.13129405060071,10.1956646353486
56.15173931848004,10.09394612030488
56.1548081470677,10.20929096015126
56.06434203043981,10.23405195403166
56.12607269744384,10.14949985739081
56.20834231741172,10.2790112554086
56.17520004518154,10.17908089797442
56.13313833355451,10.1158399585346
56.10530841264228,10.20352670201715
56.14853696453812,9.992603578386937
56.12745176525976,10.13304500767729
56.2562325088717,10.26504800521932
56.23182139356571,10.29542301324699
56.16158576789232,10.16057113642636
56.16174987995998,10.16781754991076
56.15531198759636,10.20858733190422
56.10863759256471,10.1169788033261
56.15606548016513,10.20957218180479
56.27564551535156,10.32015168119681
56.09369320672238,10.17849774137709
56.11806313306077,10.10319234228661
56.13313881916579,10.06296690082659
56.12717936570369,10.05878115503381
56.2687703208471,10.32968482174045
56.0900808070065,10.13089636282782
56.02854943036002,10.15450456706585
56.02031086024713,10.11697145440816
56.22980191363803,10.14201083247079
56.18703613008095,10.19019434369954
56.08554032744841,10.09892391013642
56.16447885858701,10.08296082858256
56.23953316014445,10.19346965203088
56.29100658089612,10.29677933685014
56.08856170271498,10.07777498391683
56.03848682596077,10.07071780376374
56.02159573526806,10.09708674170199
56.25633865171892,10.14431861019637
56.10724718742922,10.11688523790738
56.05529557390363,10.20386518920138
56.19401866288023,10.20934224582883
56.08688746021277,10.21999119578173
56.13059544369237,10.19871447750724
56.21819430503247,10.15647168028062
56.15254239157606,10.06239254415891
56.13417422276998,10.04026119542966
56.09155412419459,10.15078150783511
56.13577903507454,10.15534393994803
56.2236226718096,10.05550513655401
56.19385507824007,10.20167647806593
56.19056579896963,10.23290760966065
56.16880083647926,10.17279097835705
56.10804434887631,10.17332290756022
56.15680122895251,10.19298717077336
56.16220289596227,10.13732521155011
56.20364828070981,10.264855364033
56.11347775387181,10.13514176562277
56.18843725758409,10.0483626721526
56.07826829549094,10.23447060463812
56.19172490737003,10.12130074421412
56.16773011540159,10.162104903323
56.12748255405344,10.07016070758976
56.17206426304081,10.15814837394864
56.18496100558227,10.22837960539674
56.11037875367052,10.13041959579447
56.04178818350665,10.20659693991322
56.12730299876989,10.16036488859669
56.19783926354536,10.23424227590895
56.31012337981828,10.2147203073004
56.13294659515532,10.1097545703659
56.23374947796369,10.3195464809249
56.19963280585604,10.17730295353971
56.15531998835073,10.11283216788034
56.04801436514475,10.19603334124109
56.06087005387811,10.11428223118125
56.20156000863641,10.18784879989429
56.12058605425339,10.18368842277372
56.07676458269425,10.15043905401016
56.14995052677809,10.18563389174069
56.12787759704659,10.17356123627802
56.17156549148485,10.16623722519034
56.11891257725078,10.19593591408932
56.06497397269201,10.16133209174147
56.03580055572844,10.18257805361398
56.1052282743984,10.22574349890904
56.17456755368318,10.19789195951833
56.14074733996631,10.14943160811069
56.20491469349482,10.18666432947264
56.06336216376972,10.20651347793781
56.19901627452265,10.24977306861665
56.10984929149983,10.14754597860833
56.12128729341153,10.12011350488526
56.17568069330555,10.20975743023459
56.18664026210837,10.11710766240277
56.0863365903401,10.14687360547985
56.21124960840299,10.28291526656725
56.09360177861625,10.20965284146858
56.07526155182998,10.23179463522286
56.1896106830084,10.16156943875596
56.22924570919935,10.23967814640049
56.10384880333445,10.08348107062465
56.30482378195255,10.2621035658116
56.1846255937098,10.11270021248804
56.11394635581454,10.1531479788774
56.28252234257585,10.34791886615191
56.12295714631014,10.21950744046915
56.11643780061129,10.15422016771511
56.14935637410922,10.14393030624399
56.12834863167207,10.18684177695262
56.1758887033405,10.11764272351071
56.1774092181523,10.21033240463319
56.25211195480936,10.27058382007846
56.10651350716568,10.08586357700438
56.13759474312605,9.999802176217704
56.16223129853281,10.18838071085676
56.28811725284987,10.30609406245079
56.20146981815554,10.23896574808453
56.05454092015016,10.17443903996266
56.19996249805083,10.21849175707504
56.06815599800449,10.16502383432383
56.19639306708126,10.17760249099671
56.16778184128255,10.0523019603826
56.05139269871103,10.13038428782499
56.2082469011766,10.22033856840211
56.1348973331332,10.06651229450888
56.2023682239378,10.18243625341149
56.03612132442726,10.10507007762314
56.14541434469953,10.03122156358699
56.03875774277864,10.19343898112179
56.1020768173797,10.16120258333059
56.1549353770767,10.11419422967469
56.11108003492122,10.22040207471353
56.16116395528662,10.12253247702934
56.08250854428054,10.17972034036694
56.28242543032616,10.35006431846322
56.06105477333481,10.19863986248611
56.13737231236686,10.17723876506239
56.18545013500256,10.20110065008554
56.09618516226756,10.24178014769193
56.06391570355323,10.09140908727223
56.19019067447869,10.11849391331064
56.30741446229427,10.18252356569548
56.15940966228669,10.1364401800099
56.18633365431891,10.02294360481168
56.1519079305212,10.17358891951573
56.19253628062378,10.14887688972628
56.10903431776991,10.03180900401603
56.09720136501203,10.06606725528534
56.13055356296843,10.17408078262203
56.12217723124994,10.18216074131332
56.27125372142348,10.14634510177135
56.12152266558504,10.05920984440325
56.18802387964141,10.037707551703
56.22686007660575,10.305371248031
56.08514841863436,10.13361743700185
56.0642311467983,10.12970796460493
56.09254799290536,10.07639385806585
56.0426386069301,10.19531579962951
56.02286584316536,10.07200686259819
56.21164590224825,10.15075849849468
56.18701607479665,10.22740213181505
56.12216316333178,10.09623934816513
56.27481761117743,10.15155314106303
56.19670407820936,10.19907811164155
56.18051244274493,10.06830520232255
56.07544962045476,10.16549424364907
56.23630196275865,10.15331351201077
56.15038189205141,9.985310100004265
56.03003850055653,10.14855856283041
56.27037106509793,10.21504585032281
56.11129847843014,10.23096434341181
56.04164797282231,10.19598574783291
56.19590959133973,10.10933935535505
56.24695536749796,10.23633331967321
56.20553038161574,10.04406872560539
56.03463836503897,10.1289759051185
56.07323741070142,10.18864495727569
56.27729752399528,10.31088415468974
56.28322071796892,10.3249807719534
56.12171731320435,10.04903443376692
56.02619718513876,10.10825892975449
56.23907186483901,10.33008167089552
56.14544866476918,10.13548538449059
56.14685637914297,10.17241502218102
56.14760777991452,10.170739152113
56.20732802165027,10.07631093887544
56.02890228522424,10.18735173078041
56.15274727468544,10.03193171493482
56.09076545330222,10.142461858485
56.03810540019165,10.20214643087309
56.0818890669409,10.10224327895456
56.16432000555459,10.13573865213833
56.21085068964923,10.18351136921735
56.19674493958011,10.25074322522141
56.04022113242879,10.09929727126038
56.0824183796072,10.1166250102244
56.16621876906408,9.98935639867099
56.12229666690074,10.17509283784682
56.20306809466855,10.2269615585362
56.21628037319736,10.2865448138047
56.18065563399939,10.19108246719636
56.1600981262163,10.14688178800354
56.18318800855127,10.10617134896449
56.17639813797453,10.16297825891495
56.24065883221826,10.27484913551125
56.08426597546193,10.11519497331418
56.14786523800897,10.16421368070924
56.09212563318118,10.14914774347179
56.11612665429361,10.14385896106808
56.27066557552024,10.16165257170008
56.21040093594578,10.09768272373494
56.17922807197055,10.20230086699909
56.24210784008373,10.33209468712353
56.29673371018198,10.17069654772466
56.14710248223042,10.00046268314835
56.26549647590721,10.26419895756432
56.01982112883597,10.12146352452214
56.26749601628221,10.20726979205465
56.20720728174922,10.07325578428529
56.16943517742568,10.21161028071167
56.27804311687338,10.15125947182867
56.29715947549565,10.14180714881591
56.09235401907407,10.07448857838723
56.19641318228653,10.21647092774096
56.12640575481547,10.21402797926696
56.06577793246472,10.12689051940353
56.24889890910644,10.15453939482306
56.08903725616341,10.12861225620999
56.15312911633131,10.05748815533157
56.17415721938092,10.15796879290936
56.08469493327267,10.11472455275871
56.21440343958579,10.1015111738014
56.20645256306198,10.15513438195191
56.25372617860053,10.15800137530825
56.23553313558035,10.30677258759281
56.17462951187569,10.2010713787877
56.15337586192434,10.18257284436762
56.11860450567575,9.988212306017134
56.2914134699608,10.24486416013309
56.05783850745586,10.21272240847427
56.20933370460332,10.05110184322373
56.15158430281593,10.18294219765729
56.16746844397723,10.10806819370045
56.15138071096295,10.18796953028428
56.18154842182152,10.076956149434
56.09546125441488,10.14613503109715
56.16546375919346,10.11104366873313
56.06463440302701,10.11603286357885
56.19053293366352,10.23476543940027
56.06734074067857,10.16036739582523
56.04556345025296,10.19305477791716
56.18991751442366,10.20387095973215
56.02317049782904,10.1067862413664
56.16948734240309,10.09167023406468
56.2234040886953,10.2885626760969
56.15192903952993,10.19361693903162
56.10869309071733,10.08646541706257
56.11111992819217,10.22552144095354
56.07759382197717,10.11087379604226
56.14163021836959,10.18484187813315
56.13856355972915,10.18258213191378
56.1272730043318,10.19814306567191
56.27676573560323,10.33129553209377
56.13808660526454,10.18859604263544
56.15516065817379,10.14598697942786
56.14434548589463,10.20009431378021
56.11741400607243,10.17487701155261
56.19250398610448,10.23911676763334
56.06933048984126,10.1013313083983
56.06329062500706,10.20189756282349
56.07773658522287,10.14166765835597
56.25656714488468,10.27356691851542
56.17840242046869,10.06585260584916
56.06903885131985,10.16433787068171
56.19357400955672,10.11352660968473
56.12735235207966,10.21051143199478
56.20863544849777,10.06940882372241
56.13105660484096,10.12990399235741
56.19244520941428,10.18488752978
56.28472426646769,10.28800326823372
56.141795868136,10.22640692889691
56.0900651384187,10.10415746069359
56.09925959072802,10.06269833067874
56.09662682370691,10.21681020454722
56.26251359888661,10.3329861832421
56.13527288203969,10.1424043457915
56.11536243303852,10.1859601640669
56.14418748145095,10.14751196187464
56.04153279636255,10.08971352615884
56.12713889476153,10.00740674908266
56.2854407108556,10.19349377701873
56.21583772962593,10.18625748638969
56.08007802958911,10.17409564569069
56.0937830102315,10.20574741699902
56.27628200831386,10.2673360647429
56.27419143779321,10.30982841484607
56.05551675341545,10.20520972499142
56.24993224731454,10.2041519464155
56.22993863343921,10.30176589139239
56.17391934510033,10.13591918808606
56.1166730276117,10.08866559359958
56.27911872389955,10.22778036574112
56.21539107800622,10.26836299020807
56.2000402630221,10.22696466193995
56.11018156740614,10.22594646927891
56.26586470135985,10.26463192797355
56.03693896147464,10.07756717424512
56.13039369730685,10.14865094862813
56.13059686317168,10.20375336041577
56.14799297735448,9.980646084130424
56.19266504305543,10.16372873341054
56.15009883199701,10.12669924036715
56.04039805760261,10.08967027694736
56.21414393926175,10.12857479358617
56.06790077753404,10.24092105055394
56.17183422143466,10.13116063290003
56.15425999261561,10.04387328810929
56.23703230499085,10.20227183722987
56.1080962117242,10.12141620256829
56.02612644635037,10.14545958607571
56.20490253574847,10.27638875257746
56.25867764821451,10.14365157685391
56.10705871038293,10.16081138762656
56.18762848794668,10.00548168907438
56.12670582197813,10.10791438872911
56.0996243996231,10.11119354081239
56.09828129460752,10.14482740222083
56.15274725508775,10.20701942736446
56.08657671472496,10.1255079388521
56.09759192045053,10.20005896697913
56.23948570860735,10.33569992836236
56.02826451205113,10.18881880771754
56.25014281276075,10.12469932303449
56.11873225957056,10.16553649076236
56.11430843764276,10.21273628492193
56.1735578671755,10.1854419359162
56.18383872998165,10.20671900586679
56.16824943236017,10.0525488524098
56.15187583008055,10.12475516127417
56.16531528824778,10.21776560544901
56.1464970978075,10.18617960148
56.16853146248585,10.16029413772356
56.21487169351215,10.27100165918685
56.15201295565543,10.17113416272587
56.08610511383626,10.10309497052245
56.14251371196165,10.08935320086362
56.15238610027478,10.07165375209856
56.19625416144002,10.19895619567895
56.16894663773179,10.05086418954516
56.24134885921258,10.3315822224188
56.19813011782863,10.22658559818696
56.08507388567487,10.08135733844373
56.02797758190686,10.21632630811474
56.11407622042305,10.15525128099451
56.10984866123582,10.18475481448891
56.13654702564283,10.18211819775457
56.06103266825361,10.23077831459804
56.10736694589662,10.10340925339362
56.12349746560972,10.15946025959057
56.14057024916525,10.18351096936629
56.09085111477036,10.12245704917182
56.20920991935457,10.22413104887238
56.1514028296149,10.20557165600984
56.11709491037957,10.17890726318467
56.1639786846905,10.18286651066684
56.06090978932159,10.21703036057469
56.15409773122632,10.20166092651034
56.23206888121545,10.26571117656417
56.15216938740546,10.07441453165925
56.1188364330562,10.06762894887487
56.16764038260054,10.1512371808889
56.07437456687822,10.09778350881948
56.07102636530207,10.13863772201331
56.26480301261594,10.31258239567187
56.18663724581634,10.01138992683957
56.03742612981142,10.09774854377853
56.05682477067742,10.08657743766477
56.20429807388869,10.25229321181859
56.22599366883864,10.24922841174316
56.11658243271101,10.20918435360067
56.19300794928499,10.18026777995571
56.12457792047113,10.1147462611496
56.09694805984412,10.11055543535292
56.13889762253343,10.14336685180044
56.22076795624363,10.2677336762263
56.17543156875166,10.19472849056872
56.18100181781463,10.20100474352647
56.12539730230335,10.05685206787933
56.14085909592004,10.17241378048005
56.20439909456493,10.22107384273379
56.16481129728425,10.22703313676301
56.17942337945302,10.15180046114699
56.24300829436237,10.27142985644759
56.12496434169207,10.18386818034075
56.13817550528177,10.17238561526463
56.09500957770806,10.12346991610707
56.12317865693982,10.0510540045039
56.22238100370534,10.1528219783288
56.27874650636873,10.31163311209279
56.21200320519122,10.17041796020159
56.15312120502792,10.0158864448085
56.18537452454634,10.13197082326265
56.158713346536,10.04693827376678
56.28059986352716,10.32578761112495
56.22754318843054,10.2898071389571
56.108425681246,10.16314205105657
56.15825992917303,10.1531085162289
56.24641234567314,10.31301066265391
56.18708199174544,10.10586760122442
56.21568564444031,10.02757982660215
56.06656060553253,10.20238664492364
56.21195267284605,10.02331526948074
56.06975172308323,10.15767769249383
56.02614474308321,10.21754367945558
56.14794544573547,10.14594893264512
56.15185650036382,10.16558785807549
56.20748937754968,10.04521822805288
56.23402491341069,10.23799180833299
56.06517485973918,10.24355945524105
56.15671335789678,10.04273522658624
56.18604759114028,10.10491861870439
56.04654356095389,10.15555215418252
56.05344187054838,10.08149635019693
56.13946667330254,10.20298387192475
56.02837455605422,10.10763855864535
56.20359227098672,10.18021857494069
56.22741711192693,10.24161615434604
56.17341485561256,10.08451261013247
56.26357103071122,10.15322168700398
56.14661406894769,10.18505503911465
56.21344349343604,10.03707587582347
56.15189658371028,10.0106254059305
56.24918250752695,10.14733943362642
56.17017919572923,10.09138927994856
56.03143362083851,10.18668173490417
56.23582105939712,10.19936226576415
56.15584889266325,10.19741821775519
56.29344054541276,10.21795568540085
56.02769335991003,10.26000683311961
56.28207439029758,10.35710427433759
56.10389974718213,10.20849848770992
56.14093844940601,9.993357505127356
56.02153256514072,10.20684408705668
56.26361100754164,10.32633071362464
56.14977971246331,10.09188670343492
56.04471728631774,10.21254674646936
56.1684959493051,10.18194130220128
56.1520377436618,10.17916253279587
56.06150128640654,10.20464483457136
56.12013753687582,10.13091114900577
56.15379633679494,10.14555438419952
56.11102703612065,10.11857316556253
56.21063379938365,10.15400975430422
56.10467483220852,10.09133828891375
56.12516042774325,10.06433078455038
56.05882393121459,10.21555042069601
56.20727222598636,10.26191903300679
56.16322252206308,10.10128270627855
56.12303342601756,10.12237649501557
56.12752974404611,10.18778237755244
56.16655589141756,10.18623431224134
56.12401017320666,10.13696269559815
56.09946564604174,10.21550534736303
56.09375053479499,10.13153989140957
56.20646267035796,10.23233977017824
56.17838283566819,10.20583498877236
56.23707838981191,10.30316764317445
56.12206588047298,10.14949679146267
56.25695872930928,10.26531080604238
56.17780835471174,10.10749187332237
56.20134965473277,10.05156243719359
56.12209184527301,10.19482639319611
56.17552975966183,10.16138836128186
56.28626019762145,10.21693747631301
56.0314884221761,10.18959220129886
56.20935840301818,10.19821874574617
56.15592886075697,10.21142789903661
56.27271478839383,10.31188287687631
56.23734609900363,10.23541025120228
56.11161652359343,10.0263040057039
56.24153738731773,10.19672956150752
56.07385255546478,10.23614137164419
56.17006864348321,10.19933075889107
56.09581650126493,10.11717117189486
56.05724693280197,10.08682200423149
56.06922725151181,10.160855563514
56.20427520040792,10.22045317372294
56.10344594078892,10.12113638336291
56.28339906955954,10.38080004807327
56.11168230431949,10.18252166864079
56.06329111556185,10.23587067762647
56.18317171311226,10.16515188317375
56.04106482618424,10.11647275708718
56.31100301132472,10.20572885404932
56.10551588721439,10.13934806046311
56.03927787875005,10.06149934299594
56.16804591334806,10.15808591583311
56.16996782324535,10.19579139463845
56.25117016561864,10.25694264560685
56.05347671767311,10.20270948531526
56.1766720137782,10.20044639306887
56.13698728154807,10.14597982248809
56.1969019174464,10.11815060728277
56.17863362263579,10.16755887206513
56.13056905545947,10.19888259674664
56.17368695772083,10.18555865341258
56.08181077148669,10.14591582864984
56.17684335404663,10.14612927851538
56.17681722444846,10.0463234075319
56.16213357247235,9.977146882132251
56.25740259326523,10.34464303569604
56.16630321611226,10.10199679090176
56.02104089452395,10.22326807868239
56.18434917706105,10.19036743946089
56.04385258074981,10.19768479332305
56.05072808419468,10.13254195094504
56.0851280898553,10.08594386440767
56.10471634653756,10.22426780479642
56.15255880470394,10.13248984993185
56.23081400954053,10.22312701171799
56.22084742538901,10.19428325711776
56.13050159066793,10.21105176008089
56.12582030531919,10.0033552787698
56.08352025394308,10.12536125863562
56.28508431356829,10.31288854983507
56.16826420444669,10.01121791081445
56.10399143863295,10.06204526288595
56.013671288818,10.06751354318932
56.27446672696131,10.24350320895331
56.12138315478845,10.06676075478947
56.17511348740935,10.06360059377866
56.23419146661061,10.31874356414907
56.22104348690342,10.28975871984611
56.20785637057067,10.27220258372489
56.06143513518182,10.15354695709097
56.16548271762876,9.992356330805396
56.11229242059225,10.13703915152599
56.11954276437196,10.08572383415052
56.18555764416545,10.00609270667711
56.15202537141585,10.0125875841416
56.19403022532119,10.19338617564957
56.08656171277988,10.23874791571551
56.02635779563709,10.18554090293717
56.16799219233296,10.05876879825865
56.15528285391022,10.10056977976312
56.19908603493842,10.06121938404226
56.17575306760285,10.10124915636356
56.21749975637353,10.18939057587142
56.16229160167131,10.09263272297929
56.14745876637431,10.14710566513306
56.17143048000614,10.21452789972747
56.23935209659776,10.33334940822482
56.11045451950601,10.01316527105473
56.02691358921446,10.18272017253687
56.11806207740236,10.00266635411726
56.16461110681651,10.17891421596116
56.13987509724909,10.17070354066272
56.14907778162675,9.96787482657389
56.28505391805481,10.2498007166455
56.00988096498768,10.03599894924087
56.24379666891431,10.25024368305691
56.10148657567778,10.09052784466437
56.13979490228996,10.1424867073548
56.10411778544974,10.06725643792849
56.22000766011234,10.15630761526924
56.0391283617493,10.24279918869744
56.2652515214522,10.20740045720351
56.21619394640702,10.26626132343876
56.09192809578653,10.07759902914075
56.25155736420859,10.25409990706086
56.15246593651259,10.10143741807353
56.2089102619241,10.03133656509259
56.31844056176855,10.21708128701871
56.2072432389648,10.27442101224789
56.01875317772676,10.11955275861422
56.22504295308089,10.29203133717644
56.1588685571157,10.09310560920216
56.12818300535633,10.14296726391027
56.17304973458025,10.10425473560599
56.2201834699279,10.05750747335107
56.12331549968079,10.03572125700003
56.16378232838656,10.04825711913163
56.10898332112875,10.02967219431477
56.27098728891389,10.13893710844288
56.03514112356287,10.2020452628847
56.25932323370934,10.34167332495076
56.20875155658913,10.17016187530358
56.12990629775665,10.05472648103107
56.09188034271587,10.14683292616027
56.1142511746173,10.22097645155244
56.19224858384821,10.14932440256899
56.23118444119374,10.30928248759024
56.15566301734172,10.06258075943021
56.15194739319616,10.20315035834736
56.18437030328775,10.04541079585502
56.26147666966842,10.30315074044865
56.117620081914,10.19511078970361
56.22630858979385,10.22037404898081
56.10178525305388,10.09829551761981
56.12585393333212,10.13703189665942
56.07362227636514,10.09155705494653
56.08540597204918,10.09376732847075
56.04575407801574,10.0976789241009
56.17038040130581,10.16778965679086
56.16672561986661,10.19394265792385
56.21342109742838,10.15567375274744
56.16212213638303,10.05965300694701
56.15880241401362,10.14033838621775
56.2074316692599,10.24891688747826
56.13661770658719,10.17553449239896
56.00958899770428,10.12306974427128
56.22076238919122,10.29668676545825
56.01785157449336,10.07224818301403
56.12398169727035,10.0350065719695
56.03849068628946,10.18682575990035
56.30455615260651,10.19299326053552
56.05734269620756,10.20827271830196
56.26018645713692,10.30043980156394
56.17116942695441,10.15639880927671
56.15232876668529,10.2111231691957
56.20564480740834,10.04568715162211
56.11055958633594,10.13502041368134
56.2102607315471,10.21307300285739
56.16097656742061,10.17034965226832
56.13231833296794,10.16846927930804
56.09686803567176,10.06967572731569
56.05249817779679,10.19335733550286
56.25929740607885,10.25356690932751
56.04383153308382,10.22548173838648
56.16051844600798,10.17354434164911
56.22367513271454,10.30139731870759
56.1845833577413,10.15407460959901
56.20469424635436,10.04592586348426
56.12760963933749,10.11785354487658
56.12517061056811,10.19701201853069
56.07132814991435,10.15935696231607
56.29855173079198,10.213210823312
56.07519634570519,10.16168839284889
56.21931893134813,10.24997100850841
56.14253210322991,9.998734219168671
56.13889780950021,10.19111232541864
56.11166411176717,10.12137266249666
56.20226827807471,10.25164499711825
56.25004976562239,10.32069462279195
56.1814252019358,10.1126603594899
56.12809315280007,10.13313434413998
56.191679660601,10.24401866857121
56.14160700150748,9.99952601817186
56.16472076099887,10.09380280519028
56.1257552560283,10.1743774913975
56.18669035728968,10.20873335602901
56.18379288799746,10.23593284035449
56.14908367784592,10.13902676052192
56.15984544856743,10.15351411683005
56.23004394277971,10.28293906003399
56.17949042418791,10.13381147729084
56.24762679105174,10.33106671356553
56.14595956335323,10.14052652916666
56.11441416605386,10.06405590617791
56.07551247631913,10.13015366510582
56.16141751491838,10.1505717237822
56.20329563361567,10.21145599581464
56.14013961798004,10.22367201511539
56.15086123292146,10.0069563767316
56.11069386048342,10.08443469414049
56.10457332392578,10.14392539703584
56.20300463305666,10.25219851331782
56.2826698106639,10.34380832466448
56.08688082458497,10.14262593605241
56.2840559158176,10.32462373602321
56.02545820837753,10.21375815631658
56.2873880868767,10.2851122424058
56.16084225832162,9.977932419441025
56.18002392057328,10.0371292634469
56.11372909461363,10.22093247556225
56.1279236447718,10.1830632493836
56.17790153051707,10.13573902027426
56.1182178604896,10.17492414126731
56.18040628393132,10.20024852466646
56.22840868992904,10.22604018095449
56.22393787853697,10.29421644470198
56.18689141784198,10.19030369969975
56.2078633528589,10.12711662925168
56.18249202603608,10.0028836283436
56.15136664879324,9.993880953888349
56.26553266187155,10.14621940323871
56.13607268929061,10.07756601570821
56.05339234095845,10.20822911308457
56.19112463469982,10.1323362476535
56.08263876959158,10.16580161657698
56.16924804146603,10.15642762158959
56.12044060350912,10.17943395768531
56.21571315741809,10.18601084602284
56.11347781444201,10.20028630371207
56.14575192984001,9.989539993684753
56.25582314868665,10.17197605208924
56.24308467413109,10.22815148828772
56.06026691954403,10.15509356582521
56.08282152736363,10.12868311309475
56.25711062922927,10.1596544280109
56.27328291651605,10.31645125368388
56.10867840654888,10.06971730676996
56.16018107162702,10.0883691276914
56.21546485979747,10.06220763066431
56.10466607373839,10.14711966283853
56.16656502131462,10.16769424224047
56.08605718157795,10.18609684351475
56.10809510650681,10.052220022217
56.17832226014265,10.17929637371089
56.07996999568932,10.13927332126778
56.12965653131793,10.08908434430788
56.15208045540142,10.01514089197427
56.17825285552836,10.16935940819056
56.03572501716229,10.13022206601775
56.06746408772181,10.19177407515404
56.17868021480287,10.20834628866913
56.2057068304001,10.20861224346676
56.10077753092622,10.22286864486959
56.20304542025114,10.088708060096
56.19937062260929,10.25214993325777
56.1790208683973,10.20978432879883
56.12318140653333,10.14750791667693
56.1685698283529,10.11487173020775
56.17866473302335,10.17836137671745
56.13761111876543,10.14558048982788
56.09184693280704,10.15357318815543
56.17081293781056,10.14979398701286
56.18152889580361,10.09442631307771
56.2816351312797,10.31383201139345
56.15800338049819,10.15637860704653
56.07293182087639,10.18231436012162
56.10344265337449,10.07988186750184
56.14804758582002,10.2046497397156
56.09195312367597,10.19170768376959
56.2194599087293,10.16779893335995
56.13809814022181,10.16831595265499
56.11103415123383,10.10205941500611
56.05656476912182,10.21086149079952
56.29476227537323,10.2651244364997
56.19268034176628,10.19103750218881
56.11022346973952,10.21283032787072
56.17386153947757,10.18797098755496
56.03857230651408,10.19342241719318
56.04009526815057,10.19677613481391
56.26718058180468,10.3083178935226
56.15065706743305,10.10938249193195
56.14499708617679,10.17261973155899
56.08755662569637,10.23346326856436
56.11128229217898,10.20286853300773
56.04379021779088,10.20601512085607
56.12951650826448,10.03475576562381
56.12352689245565,10.02218716784916
56.1945197935596,10.14696326979955
56.24624730501149,10.27299055886875
56.15092910523374,10.11600200829259
56.13385399118872,10.17915136912515
56.11461905539087,10.18834649496852
56.09305694181413,10.15509656595257
56.18829875885976,10.23635546383149
56.18972829454295,10.19366629016879
56.04816936581021,10.23188772465205
56.14706545000555,10.15308593490384
56.16626893927664,10.00738206255059
56.27184716729005,10.28386375788222
56.06459140263333,10.15979787047069
56.15278850284407,10.21734284263691
56.12724427605475,10.10221378318571
56.0224272358328,10.09831177656868
56.20959205564924,10.09190821226719
56.21307185472071,10.27886752974451
56.20832502053311,10.21385693763849
56.17214750625029,10.20741174282944
56.12669308319092,10.18546684631789
56.09934441868293,10.2369124632411
56.15332089364342,10.0421097014816
56.12936506950642,10.16553655990385
56.16658805452983,10.00799351346428
56.19185745287256,10.2041028177026
56.22634747964705,10.15219246935104
56.10736142938955,10.21169085991552
56.14565288850319,10.18852898999815
56.11185161930982,10.17239624961399
56.19841708653308,10.05770925989993
56.21650500478534,10.28219357231814
56.22983817024562,10.28082561584458
56.02983875247445,10.14616026494714
56.22006619326429,10.16408644492621
56.19780128647508,10.14038360098189
56.08621968149404,10.144734583
56.13175464507659,10.16464077251762
56.19604002294462,10.17646997691505
56.09138153624811,10.17783415755688
56.03698098582517,10.18670379654329
56.15430444258498,10.03963584707686
56.25708465573512,10.13772845076794
56.14997291918859,10.13545241039354
56.19451740010131,10.21406902157071
56.10552607925928,10.10007847624392
56.22133621760803,10.1721819419009
56.16135743958622,10.05973721728914
56.10163555096455,10.21077513656744
56.29720636319839,10.2163475809315
56.03490412049337,10.07188711638855
56.08427448130369,10.09441445772309
56.22273607654157,10.29495861918309
56.08899581525088,10.14891730087443
56.06652173172341,10.23142150781425
56.22401562353905,10.21838605432568
56.15007219122528,10.17025140107506
56.15263704137602,10.17862524943697
56.08788686153246,10.14332165052054
56.09270517979709,10.21911553710656
56.1966703448085,10.24279506651292
56.10554839014838,10.07778944593795
56.16126052298531,10.21884925740158
56.17155652539791,10.1541306632424
56.23157060615592,10.29503425414514
56.17976813075731,10.13965500218097
56.24210335135481,10.26068930361861
56.04049271168213,10.09560159308491
56.10539488161115,10.14978274080136
56.14185391915403,9.992429867837457
56.1520781138687,10.20314560539208
56.25824946961054,10.29484756094628
56.2341319463178,10.32601602384566
56.11223612555766,10.03947373519652
56.16456337768908,10.16937703933068
56.18875567329454,10.23343334115506
56.30558575392222,10.26236342422561
56.25170969046189,10.27572103991053
56.18426792055965,10.00360517362416
56.05338776472634,10.19812974918142
56.16757676189173,10.20822854627342
56.2826825226832,10.31504002153374
56.15724042379834,10.12658103408969
56.13141023915074,10.16496357688118
56.23181953713571,10.22313445243686
56.19292800293949,10.20673695284174
56.02991911904134,10.2635561109848
56.25458198830844,10.15795245269581
56.2552501827846,10.26955929111734
56.15604756104596,10.12310723799273
56.0773762695605,10.11540460927028
56.18856202235979,10.09284795083967
56.04194164030556,10.20145173858393
56.15556752523128,10.08627590148659
56.09015438366179,10.10421407555488
56.19916724692311,10.19227674775795
56.13790011547728,10.11829124775155
56.10417442181581,10.23345012374122
56.21649091105172,10.28918765755909
56.19879266649492,10.26184217667553
56.07219187928287,10.16199826315133
56.1646038055603,10.10261048485169
56.20598391319343,10.25472830651904
56.20958449215804,10.24488496898114
56.04085342128231,10.19172979336295
56.11062139686675,10.2259169743535
56.028992530445,10.15464022255959
56.17256392861904,10.09908041445303
56.09087721737519,10.1518281744894
56.11357265700793,10.21064855454953
56.08445208544146,10.11983087497542
56.1734443545767,9.987674767016427
56.1351169587177,10.04020169547301
56.04003232954089,10.18886173101246
56.15509245212111,10.18770389558735
56.03811302426795,10.06020084805543
56.11944464543044,9.99790555590292
56.22708094692333,10.14847969657932
56.2107857870807,10.02238054024802
56.20692289512483,10.25146171980254
56.18261231199151,10.11951257774675
56.30236163668922,10.23801861446965
56.06602215495425,10.2207770069563
56.17550891172007,10.18325015943178
56.17450977595958,10.13942428077087
56.08974831404375,10.1506504043106
56.18379518201965,10.04785092849811
56.15542807242268,10.08677205676278
56.22777340074123,10.21634497667688
56.11279583056199,10.19298359587839
56.04611848070056,10.24072688970984
56.17960292588302,10.09919515786295
56.08881286234266,10.13293494055013
56.1699139718645,10.09147843460113
56.1252447874974,10.16948618173747
56.05463772108303,10.134023090657
56.09039110719602,10.12623173754703
56.13369335623171,10.1354984862251
56.16789661912038,10.2065494126468
56.23285456510087,10.31027713691632
56.1916004947557,10.07090605879911
56.10775282063584,10.09144109668626
56.12001650270796,10.13151328685702
56.26712676926839,10.3087994526992
56.14558960268945,10.19068534335004
56.24251905874328,10.33020017168307
56.11708143939143,10.20902726245088
56.20120030575483,10.1776233648537
56.09193663448743,10.13906909437026
56.21209698414988,10.0992667711207
56.25388360666196,10.31186287319823
56.08274078012196,10.20977003683454
56.16928156632913,10.03560097736701
56.19320850317371,10.17363336227259
56.30177939179075,10.21205235368937
56.19140315207945,10.12126099845847
56.15609759587274,10.17824102276975
56.15012840958251,10.08811181733401
56.08681709712429,10.2482880313109
56.12712245405134,10.14346756277213
56.10856983184183,10.07146916026529
56.13795060247543,10.16915006690215
56.03225371111575,10.19070644710782
56.16561305648057,10.05925614985373
56.1231793373497,10.18974961193847
56.17221299161945,10.21437771140855
56.2804669719186,10.23584570099773
56.10305180419449,10.09517253234329
56.12298856792074,10.01136498555639
56.00569780346849,10.05595602592497
56.1903429138568,10.01095825477362
56.18785202964149,10.03619202679958
56.28252663416108,10.245477557493
56.08299738515083,10.1679709640197
56.15318777019834,10.11949488959561
56.11754915894895,10.05118066284426
56.10656430216955,10.22394233568455
56.14933657721563,10.20404828516876
56.30051515996964,10.20615387591966
56.15285554504681,10.09718091443483
56.15530336941196,10.04424123975308
56.00679774694186,10.05114652771704
56.18145328757708,10.02957305366468
56.0309157168485,10.18749286544328
56.18744682368831,10.18777226682652
56.28297534201943,10.31351099808962
56.2648094579111,10.32719529289165
56.10851936144285,10.23143012126542
56.19992339230702,10.19595065204624
56.17950325679686,10.21350138637168
56.25234497766111,10.24089442886283
56.14287518272256,10.19546051936145
56.30773523809683,10.14807887346654
56.19377502695435,10.07051745732713
56.15795806650614,10.12813559411973
56.29970269210639,10.20320547133719
56.0392416736875,10.19568838980311
56.08216905749451,10.14983521510923
56.18073011485925,10.18200128849797
56.22709388753181,10.16991824708963
56.2383139867228,10.21770944001312
56.12524684570489,10.13147058111831
56.21850280677888,10.14539022086453
56.12123075275743,10.07470442405153
56.27104373514604,10.14075586717854
56.10957210595205,10.07096465639254
56.1502773637401,10.13402719100839
56.25007946645255,10.32053725273617
56.10670992094212,10.08421442999346
56.26594005544826,10.230773005492
56.13798516248189,10.18785360864344
56.28072727872735,10.15103879962724
56.1674567696148,10.16289744587503
56.15083571385352,10.14500740873351
56.16673807603539,10.01169149720572
56.09448166958295,10.14643753818494
56.14614143913018,10.1884098364191
56.19582727008761,10.19787401950372
56.27979669308527,10.22463457146812
56.19292151113696,10.1803318452153
56.18798596838172,10.22935573160881
56.10827414989458,10.19533591666891
56.26228304712613,10.313342095203
56.12788384133712,10.2047495737239
56.15411357165893,10.17133489972852
56.13241769115857,10.14853882091773
56.10429823458873,10.04514007857442
56.24672433308047,10.2740267979759
56.14504997701427,10.1878041499198
56.12581665792934,10.17518815586575
56.04064869863434,10.19677386585594
56.14768328828213,9.978723055971509
56.18204406083441,10.02278978691969
56.2065505788713,10.25181847905475
56.03949544864692,10.0974384693959
56.10770326331546,10.15589766025142
56.12859449063303,10.17643864319458
56.08518749535567,10.20825317098465
56.0536165127771,10.21570690462558
56.11270810421339,10.16978854381479
56.16686804321802,10.14976179093279
56.15304251308839,10.17947234843061
56.02355268276401,10.20879090596786
56.14394760459334,10.0023319121178
56.04408660544227,10.12354192737601
56.11978424039257,10.15237304610268
56.03621080975699,10.13068146513511
56.29852734904227,10.14440553888474
56.16821389436237,10.16399202388069
56.16014560047595,10.11477382812465
56.10345165220164,10.12146179125666
56.18080514466853,10.17356427148076
56.13177583147968,10.18725260850578
56.27482093973728,10.28219008247962
56.18984215561191,10.11429687885451
56.1580474585739,10.1093567594875
56.12812313261032,10.20916962740526
56.22433193327159,10.05659421954198
56.11026191436036,10.15741344379708
56.24247085101749,10.15991714853642
56.11254516393484,10.12680051655323
56.1817946214362,10.0941714794859
56.0349580214525,10.17652618672513
56.15782116984104,10.18758342960977
56.23941191494723,10.32291665294031
56.16768400772926,10.21968384254629
56.19454380315362,10.19338443752087
56.23260895929872,10.21868392068293
56.2348743178225,10.22475360335586
56.14076957346974,10.03969708765846
56.23846696498463,10.24175602451405
56.19833006821201,10.26192315056742
56.11731820891677,10.13549204701723
56.24447003082124,10.27436851522298
56.03358660085445,10.19007077707144
56.01445248767193,10.09608409243176
56.08135506084568,10.124910408029
56.28265943530278,10.32539445481409
56.15017543619107,10.09105327291376
56.16467063591226,10.10931138514074
56.19836206289131,10.22015077499709
56.26631560427389,10.29555009154999
56.12313623976784,10.12661399165122
56.04508235439645,10.08521917620775
56.00968565467549,10.07169600991435
56.25348433244955,10.14932790453951
56.18795694123827,10.04485201934507
56.08124317175505,10.12086505341466
56.12150041128438,10.06069109249595
56.12390783019725,10.16532386964681
56.05446577498603,10.08519945491179
56.18292457226831,10.19935529897231
56.03500728202738,10.26886041635218
56.03801829422496,10.23657487943928
56.03661446556591,10.18481760505611
56.13314655623817,10.14288534303473
56.0906230749378,10.20931351636758
56.20754678168495,10.26104480036316
56.20757988280886,10.23369286193362
56.12811038697396,10.1994748216633
56.13779474118551,10.14561088914142
56.09033361948183,10.14918218166036
56.09996263361325,10.13464027658071
56.24005509117542,10.28377333523271
56.13513146079222,10.15619328900685
56.18428595995037,10.13004855138223
56.14666330473471,10.05853533909653
56.26403025098883,10.30705420536442
56.23106179686248,10.22505818494586
56.28173255128986,10.23631214899908
56.25910966005657,10.33581470264894
56.05206935649483,10.13065577343294
56.18190900492277,10.18892109122188
56.16604284207384,10.17651493104971
56.19461112080838,10.20037312405427
56.11432213768242,10.19025771438803
56.01296814940376,10.1385198759199
56.11189203132329,10.10596156035875
56.15178527520737,10.11937992157343
56.14883933337104,10.21844553541612
56.10867024980421,10.20874262049925
56.25419158739431,10.31256839170026
56.19866839520253,10.16449312160595
56.17461391808403,10.11156029598011
56.11150123098032,10.10998253928987
56.15352239273938,10.160720508125
56.20095266631802,10.25451058540465
56.14753350633285,10.21770860292372
56.12443538427036,10.13948944036063
56.00936241694148,10.13811602535628
56.14786479637929,10.20636598588137
56.11586691588094,10.06705002487604
56.17137584761831,10.1929380697609
56.13685216877002,10.03358556300803
56.1493406182896,9.997853184935733
56.21863157263024,10.25651144874767
56.15016289795312,10.19560364692067
56.18149448031598,10.21336948323007
56.28307115363089,10.33003982697793
56.16817701621939,10.18726372460883
56.12449637277533,10.16934375866763
56.04892956225468,10.1975665055041
56.12591411689908,10.14921004481778
56.23973524777193,10.28248973854393
56.19447423410067,10.21948634732567
56.13687396579157,10.18143580722709
56.26800090439756,10.30077806620992
56.17257657809358,10.09820988709511
56.16859750284024,10.05415164365903
56.07851591490264,10.14529347812764
56.13755886159237,10.18201976300331
56.18387674818656,10.19292137675969
56.17266331385537,10.09666333254656
56.05255849813974,10.15281597795684
56.26791995611122,10.21271427285999
56.11253560963063,10.19212686660136
56.13244396822249,10.16432509392625
56.09576582832938,10.24213295554266
56.15209126303174,10.04418985220426
56.28942852290511,10.30432179116622
56.23529193049855,10.25318045487553
56.18659442751795,10.24172920158008
56.31218025640158,10.21540323223016
56.09572204431275,10.21848654564634
56.15459519931147,10.11289296070331
56.1072055153813,10.09125594456202
56.16982012763826,10.06985066264203
56.13509000018827,10.15120427877727
56.20017636164255,10.1207941206187
56.1551322081993,10.06530942497275
56.1379884361978,10.18750474798196
56.20812445637573,10.2264747714798
56.23440200329525,10.23053603598203
56.21495053189738,10.0625968302833
56.04294576056956,10.19286639263553
56.16729719484256,10.22696905335649
56.17767640850065,10.17866503905783
56.15217387904275,10.15988066628568
56.13626493801956,10.17093665639757
56.29982771393482,10.2036464194309
56.03241860123394,10.13033151002953
56.10333491870429,10.11333091566086
56.29771033026505,10.19111335398131
56.02148419506791,10.05897571514748
56.15151462273126,10.00535221174704
56.22883820516954,10.14592904667322
56.11509767172244,10.18581438657045
56.26322580458577,10.22903219531158
56.12547217873668,10.18692493973889
56.18756855082954,10.167081405146
56.14566186547086,9.989533472894681
56.24137967316884,10.19654855905151
56.21347574991576,10.14582492690894
56.23147896042602,10.29166051310148
56.1506327842762,10.16325315991485
56.16974806463412,10.01353694860759
56.10442274834716,10.17639336548793
56.29432124316646,10.14738624867859
56.27681561686322,10.21510924096736
56.04953305379406,10.19518614188899
56.1608223030048,10.16223474635623
56.18400462226696,10.1905885642954
56.18497241044383,10.13250370893589
56.11236617590895,10.16240604942155
56.21171108235277,10.27836736794486
56.20910012477233,10.03026015510811
56.14165799199662,10.19288248300605
56.04064111442602,10.13888936561697
56.21296563759497,10.27895481690694
56.15245600686094,10.09039252439519
56.14826257823415,10.20916703047879
56.21140384425355,10.20494347006931
56.25886007391346,10.28104310289595
56.10996742349572,10.12087482762867
56.22048731505031,10.1628252828475
56.24444285595189,10.2642199792771
56.2670087814269,10.295887986714
56.10405808257705,10.09728797602138
56.22863926381491,10.15519345604188
56.15935452346091,10.11088122782991
56.12143395707798,10.00031445495835
56.12804508665221,10.17533165130112
56.18671249874215,10.01671292842479
56.10777569619989,10.16503836413999
56.05025788230706,10.19160749742237
56.11507444799079,10.18323557062154
56.08390477086837,10.12889047667612
56.31523899812607,10.19212137993355
56.31652988612808,10.21727335157838
56.15179761341255,10.08721752171124
56.1447532296966,10.19458554513392
56.2653601642583,10.30148300267345
56.13982069035379,10.15446193000596
56.21569328473977,10.02774658963606
56.00576358140726,10.05442412084761
56.21375009818382,10.14353436885088
56.06870957251426,10.1002436421661
56.1547868896499,10.14702512918372
56.17608778862896,10.00220897541362
56.19354946257889,10.22628312179109
56.12115991782959,10.07706488154331
56.29460000003365,10.13779090442054
56.1526497740636,10.20752524046125
56.16709347413451,10.11022299022183
56.23327798809795,10.29623164447673
56.12212377831442,10.21430569928081
56.15590497067183,10.08610965614781
56.12862487899518,10.20461948621367
56.09560479327703,10.0506725373526
56.18904573826482,10.10344256323494
56.10573095821033,10.06072940174164
56.20022945684703,10.23858274267203
56.11397958677922,9.99578840371234
56.20663044157624,10.21942138135044
56.10928854025668,10.02156365228253
56.20600356833032,10.01818438056634
56.2984872490043,10.19859862972301
56.2254833667203,10.16277124931957
56.10501972918355,10.23342903370454
56.17147466136557,10.16620301015972
56.14789021889939,10.00686116778691
56.03831203897332,10.20719044346371
56.15125058321859,10.21049216853379
56.28198479637913,10.36426294539316
56.12424712859667,10.19388078402863
56.19033327131516,10.17377715992627
56.22255421154057,10.24951237124596
56.17437757434617,10.20413155260452
56.07505693767921,10.20477683692329
56.03466814866646,10.18887856678499
56.19264033933796,10.16445169317274
56.09863708535048,10.1145609045099
56.27876939340127,10.30973181177505
56.13469825256379,9.99377412579581
56.13862163282275,10.0231274589594
56.03479465903145,10.12915108190562
56.14724472336218,10.14226996843635
56.27198717297626,10.30077567396109
56.25487061881043,10.16268488567576
56.21084457283217,10.08820824723635
56.1432722224359,9.988924654577069
56.13283877270349,10.19514921658239
56.11263519188829,10.02605649354309
56.1533893083072,10.01331857045566
56.17696672917808,10.2180312424456
56.03062397673,10.24053371063878
56.1079586873994,10.18816550803882
56.22909898975463,10.15514164873485
56.22070666454804,10.13185463121234
56.04611636944702,10.19297229225161
56.17919726284871,10.1198896674876
56.15127217526881,9.991214390368041
56.20646743659124,10.25088718457297
56.19921801686271,10.21127604349157
56.13809994709945,10.14417376934752
56.2445768237512,10.2624525875631
56.23227033957264,10.28956317642019
56.07284203948462,10.22335085442485
56.18255213396264,10.10362225815056
56.1156481675706,10.16314512208014
56.10771965567861,10.17833267626149
56.23725052308539,10.24832615309239
56.00921395848314,10.12298606246911
56.06693586938938,10.0969036372344
56.25239756193401,10.17432030162075
56.25086352469754,10.28186821525496
56.17984482511298,10.10747751616222
56.03392719856046,10.23803137763543
56.25586388312075,10.26494495996099
56.11810681203686,10.17375212098083
56.11383167513936,10.15340741687883
56.18650988579606,10.23417390121267
56.22352644774502,10.29538257620819
56.08662706645429,10.24823764789666
56.20619449716238,10.21112229750919
56.13309667087181,10.14812495960748
56.30130790562937,10.22055671278427
56.12995294243785,10.11104884510643
56.03776083847244,10.07086999357291
56.03886981904004,10.20589934347288
56.16431837117466,10.21711015592777
56.11007313374663,10.09878626180149
56.15188944369497,10.00948515715883
56.26543731772848,10.31587265982288
56.05331266534363,10.15338635048709
56.01662851110545,10.13822801416979
56.17543991234297,10.2103491953291
56.164085034706,10.22506898260678
56.1446714515108,9.996880860337884
56.09017219744143,10.19473565826818
56.16935834473782,10.03212897133478
56.1854041767419,10.00826173066621
56.15234517880443,10.15973199923728
56.24969173131834,10.16148977713324
56.10662414419314,10.07737155421272
56.20074930707437,10.19156913817483
56.28165621989325,10.22042164216755
56.12090640435053,10.13089508973937
56.08764834395428,10.08816127733547
56.25774485921551,10.30575817613781
56.25412272794554,10.27064405169581
56.2827563690307,10.34050205554747
56.104568115395,10.1430991516063
56.23137814732758,10.22539749221202
56.23089240261812,10.23328022697612
56.13225469686392,9.99700840757091
56.09748060636152,10.16171762561033
56.19305982748114,10.23971807651364
56.2692107020203,10.31213289020224
56.15171703387312,10.16340259885549
56.30357149298414,10.25103414350631
56.17606800311815,10.09568075174526
56.20715037486218,10.28054067702552
56.25151240916893,10.18438658111917
56.0191990630049,10.07327517065348
56.18442155956883,10.19763187814807
56.13831821190989,10.00012754130571
56.12410284245525,10.11211934075799
56.23916534757348,10.21600750694195
56.11155332947963,10.08004119454808
56.11744867384101,10.00545147927209
56.11117974458728,10.07233557215875
56.18149175687891,10.12545353723886
56.20577595589329,10.09114367029176
56.17414545831509,10.10475424725481
56.20482138462424,10.18604256538038
56.06738879864358,10.10112002614645
56.03517380086618,10.20173380619762
56.28924426473719,10.32840877645278
56.17449789853015,10.18576809633892
56.20641351003509,10.23386517308447
56.05985630748562,10.14562553159945
56.11073936417034,10.12241220564673
56.09003145694456,10.08135335928046
56.09187183503782,10.15973160876736
56.03829828283348,10.0800152585844
56.20943040746764,10.24548069656833
56.27909563348214,10.32094511906462
56.07889521828317,10.20928884477383
56.03723521293854,10.14301332000103
56.17438224112119,10.12329682276868
56.03522415687583,10.21601349434212
56.08980974146357,10.22920034908613
56.22332024138956,10.13178400791949
56.21580180567673,10.28315133653534
56.14602911438218,10.16231390535425
56.22088112021837,10.28589817323822
56.297211016049,10.14438026025863
56.191494569986,10.22087754432044
56.1133959216854,10.17159312246127
56.1857108838577,10.09607975741441
56.165333594073,10.17086589513542
56.20092592868942,10.17346421207072
56.18118558180275,10.17124127950464
56.11509589982714,10.12192443738927
56.11750710257356,10.19300992153376
56.26068593465249,10.299091891168
56.16420710176054,10.14081741071721
56.18874183475535,10.11586238338575
56.08456778331971,10.20818040414667
56.26101565112068,10.30038172845643
56.0868178289802,10.22700371839908
56.1051414307514,10.07048747042273
56.20542462287371,10.26615544040119
56.26330702357215,10.22776802305885
56.22563838470067,10.24088896998015
56.11822975448261,10.14084608858433
56.11240124723854,10.14533058688497
56.22467550109605,10.29247960061249
56.0745585248012,10.09784049915547
56.25699676317824,10.1377044934298
56.05641336074155,10.24217875952209
56.2089236685757,10.27028594435573
56.31995970249628,10.21552000370249
56.11274012012048,10.07082682930389
56.14517955313146,10.15357455249156
56.21554352671746,10.28874839531769
56.25208970331725,10.2099203810189
56.15233823645043,10.10429400557705
56.19633822433787,10.21979713008191
56.25101053658425,10.18835473643378
56.15040766258873,9.987878353108655
56.15479129418873,10.15591227183358
56.11283027995484,10.07077960002131
56.13325867474372,10.19014750773997
56.15323158343172,10.11020647616843
56.18622241873501,10.22913013730133
56.1270100127221,10.18916744151122
56.14972481474814,10.16043502790805
56.18303649656445,10.05138958744646
56.15021962209652,10.12624561509848
56.2156041722008,10.08278751453691
56.10492960433704,10.17875312716068
56.14090636835924,9.996932057012879
56.29369616460976,10.31562470109481
56.15556620111435,10.10433619929635
56.08737879059098,10.14679120209554
56.19167577927227,10.01089847026151
56.19634904934484,10.24399656387314
56.0362139084937,10.18611088039714
56.03473994459703,10.0715918122681
56.31048048980704,10.23241276695581
56.26162014751073,10.32483437906149
56.14804079425781,10.18113564630349
56.07788887679857,10.12456042522767
56.06433404072257,10.09182037270596
56.29999517258711,10.21253837863003
56.17677607218874,10.00480564835729
56.19906606548789,10.15696998800301
56.21550847726945,10.0761775646921
56.13435188136109,10.20972572702523
56.1506823040128,9.987880446617492
56.14925072431397,10.18410857456557
56.19811896599959,10.21210663736162
56.14126627613643,10.14458535540306
56.24331415170031,10.25946146414718
56.14097849922149,10.20399642514126
56.25273595068699,10.1473661529289
56.0344662283448,10.12559816252715
56.23793775999157,10.2373047842071
56.17687006900999,10.06492414737542
56.1792334406674,10.15607229496202
56.11304929075998,9.98414391926171
56.1427406548385,10.16869516772167
56.18531774289664,10.14771015675458
56.24409497033865,10.14635560757409
56.11680983421628,10.15639122631404
56.25881185864958,10.31463473912544
56.25898644349911,10.28552454610576
56.19652028124533,10.19193845771066
56.03523606449081,10.07246226684217
56.10939233590737,10.16333701969747
56.1886073206964,10.04280625048244
56.18779516665773,10.18462297588517
56.12329856077474,10.14397584919408
56.17517487805406,10.09988086717439
56.1126678463067,10.18162369231963
56.15141049720933,10.17781026988815
56.1734402985107,10.16299165878468
56.18810035233866,10.20860139390317
56.10448270250277,10.21608289942932
56.06703171243308,10.1592449885397
56.20680898218579,10.24682729008984
56.10489299306136,10.09343742578101
56.10637551467975,10.0483763278723
56.09169169981953,10.13458003126327
56.06506692735861,10.10921699077986
56.28196851656774,10.31325362513142
56.24890083344664,10.3011019822728
56.20388995320716,10.27633303323787
56.28470845958864,10.24925142573496
56.13952806723695,10.20928117850547
56.172035068937,10.13679791367445
56.30094768315353,10.21643867403099
56.14796031151042,10.11764623676686
56.18997317290393,10.16829253930335
56.16505189717435,10.19163326632548
56.16044627984213,10.10064484002765
56.26067225208793,10.32236196529423
56.16269034265822,10.17730531632853
56.12491979339138,10.16802538677793
56.12638628307536,10.13380238513563
56.12491717508479,10.0593024826749
56.22911518634788,10.21374344521284
56.19084012588706,10.09031557303033
56.22869925622271,10.25008488622708
56.15337664261904,10.09538385374626
56.12823162233458,10.13160352831577
56.18985022029914,10.23664428234087
56.24944935865616,10.20537662110116
56.13404755472568,10.17597787770639
56.18000260484981,10.11379439503991
56.03728502191844,10.05415777430394
56.18952747112575,10.05123498920877
56.07308646307595,10.23672738886246
56.11749401820043,10.20595471574295
56.04166349514708,10.20573038276893
56.1807585092834,10.17406401673303
56.26362960678303,10.28594001965469
56.15026874822056,10.08672758231679
56.07941176075599,10.16582389416153
56.18489856629505,10.0906400887474
56.246816419414,10.17042347550036
56.26817169690769,10.2716435956909
56.12137633485709,10.08729519448791
56.12739214721238,10.14649120617073
56.05340042325375,10.19796649816968
56.09805177239799,10.05501090427441
56.25512097408755,10.26482819581717
56.21021098883273,10.16572233170495
56.11608407738867,10.09224625600864
56.20652758642207,10.14273072509668
56.15878311773174,10.16884235602662
56.11512023334694,10.07497199479378
56.27040058510735,10.16659576475241
56.24168642345564,10.18659359909054
56.16998288497651,10.21960689284606
56.08664241594649,10.07945634882577
56.13736532939179,10.03681304576701
56.23173603222466,10.32471490718938
56.20323964920958,10.22666848368013
56.26828126102323,10.32492196516
56.21974376249397,10.23325849242764
56.24929401798591,10.24873565499218
56.03656189327569,10.09664828047354
56.23370754313982,10.18478761558943
56.1513367287359,10.0069087339111
56.18869987328326,10.07949857994418
56.19003119511998,10.05237758997297
56.24942762491681,10.28873466474453
56.22007458431199,10.29518507030185
56.21886959350656,10.15506601966276
56.22736027046955,10.1366613864996
56.16664133997561,9.988219166814572
56.24965402593082,10.14730343134177
56.15156036812031,9.980927290320404
56.01259078253399,10.06594199861138
56.1838669362706,10.04755298969433
56.25426427696623,10.13441500846634
56.07110460687983,10.13852571887991
56.11315989853608,10.1059091215518
56.23480649231027,10.19910087866987
56.14075839070556,10.0939699181511
56.16050382618747,10.12630016857919
56.10872879476212,10.11474944809311
56.30728925913072,10.14788360789468
56.12641434453182,10.1382765354352
56.11343967364433,10.08991311657712
56.1228515512498,10.12522929663909
56.16186505767529,10.20973406010401
56.16546828633999,10.17442743321704
56.13760575789325,10.1748859198433
56.03822283670837,10.08751508612679
56.31556591014469,10.1924018075058
56.18673452807227,10.12121447883671
56.18643550338857,10.12365837850783
56.13291343180273,10.17917141490004
56.0425278060963,10.20042692955718
56.11300773561423,10.07068754482303
56.08024825101978,10.09912243808762
56.12492375029918,9.996027312865994
56.28366741847127,10.24750656520851
56.26325205796464,10.3098479600737
56.16625412466229,10.1986833548495
56.16218274038857,10.2160774953489
56.18666005118117,10.11410187305767
56.23226505895405,10.3255934045642
56.15636452076142,10.16701358063662
56.24680325849594,10.23512478630273
56.18488943849704,10.11641444387309
56.04023726091989,10.26790785090311
56.08672209065902,10.08515593259414
56.25862052610843,10.28365920474174
56.15157956449811,10.10698439894359
56.20296638278349,10.2698449563837
56.10245137949665,10.10933040963518
56.1710616599913,10.05737817660187
56.21179605549988,10.16804107489147
56.12387272763254,10.17215939868833
56.06813099081286,10.15377637588871
56.07472119300284,10.13184399510035
56.23467012959217,10.30113778790004
56.21566841073857,10.26020923490442
56.1081697332557,10.22489795522397
56.13008793708266,10.15079522255481
56.21082598541773,10.28403535327912
56.17932578820178,10.21837749672526
56.19900457420052,10.15922305386641
56.19697446459784,10.14168722450355
56.16916484937336,10.10271209366909
56.03157284794936,10.16461419621215
56.03637330844622,10.08568012442997
56.12247459836108,10.15878646510199
56.0649080622653,10.11185989607879
56.07801961295149,10.16551000228531
56.20751815295964,10.06482278130923
56.03698421922253,10.05284363928777
56.18081430847181,10.16482112336214
56.18355732008343,10.10767576610089
56.1620328550642,10.15768298121713
56.22168663592832,10.13200106520147
56.20793338799637,10.24063546555559
56.15320129790727,10.11060911373589
56.21044820800908,10.06828222008191
56.30782502121532,10.14812125632936
56.26067754822067,10.27951850317071
56.13572557545113,9.964908215416548
56.17948830262782,10.13583798973933
56.06448286692176,10.24346896199688
56.09212352867094,10.23324008092972
56.13839292259281,10.20713439524614
56.09706872297368,10.24071987157506
56.11435904490896,10.18354153249808
56.24306473526733,10.2427654449187
56.13179532434022,10.0598498173128
56.19199914866934,10.11456403276971
56.04372051383462,10.20518502076535
56.11633629612346,10.09170124890728
56.1072720749621,10.1139744979017
56.17456074849248,10.18818016284147
56.20653989055208,10.17291440304544
56.27616930020463,10.31698056438114
56.18007594662005,10.15146720930195
56.2213877223317,10.17189633543896
56.168626321775,10.15355520740752
56.03189504414654,10.12789269959618
56.18079111249307,10.10918296155423
56.06060533983979,10.12756028211309
56.23611240545016,10.14175567599601
56.15661778811251,10.06441595372507
56.19012595780475,10.2174368753941
56.08873622649985,10.13231132661571
56.2073466181899,10.07664329621926
56.15290752762792,10.21429283932302
56.27989818244237,10.26583461263471
56.05915126653827,10.20118803358636
56.04953730254922,10.19539108331983
56.14032172309833,10.01514991815707
56.13347674952006,10.20830188273682
56.15262166316598,10.03029302818719
56.08713703795689,10.23738815352622
56.20547825581957,10.23628107101118
56.16109995577162,10.09477795986691
56.15439218074139,10.11038683692826
56.1646636804246,10.13843726360537
56.01989688174238,10.22673705000136
56.23242037224978,10.32518877834354
56.21730561563447,10.08272567091104
56.11500804689208,10.17525803078999
56.10696869427291,10.03409496891591
56.2063233709094,10.28081515075312
56.21920948387177,10.15585879600234
56.23597600115839,10.24571953174853
56.15992423620174,10.07616315066301
56.21351694727981,10.14477903265739
56.20534840025135,10.24987222004206
56.16313518501087,10.14517066412974
56.05495484806484,10.16684881870526
56.09962751141218,10.05907126471569
56.11197812387162,10.09092748882399
56.11648401378825,10.01579481322774
56.19306468573386,10.24273463993531
56.13781007417727,10.2122242285243
56.11434354881492,10.14400483873407
56.2105332082827,10.21519192091054
56.15611069745231,10.05939193544365
56.20426679229622,10.26809692212396
56.29046202862953,10.29911933668422
56.20935342611427,10.2457783322819
56.17466286221575,10.19202810187215
56.13227142867399,10.10919313110253
56.31470407627059,10.19152635389468
56.03600583325105,10.07741770832371
56.19757202083433,10.08613779870803
56.17620187251638,10.12479809628796
56.06242213723602,10.16625313584083
56.11892333492975,10.16069672052253
56.3128280620529,10.26921266965419
56.18284189826005,10.10257336038562
56.23064639231582,10.31733566536673
56.15386545651594,10.18291594160663
56.14051459844215,10.19422098093275
56.14635393225809,10.14197392499998
56.19041512887681,10.19652697906419
56.20667917027229,10.17353100037898
56.1738501351352,10.17400719243042
56.17185627578041,10.22049378362479
56.07484950219603,10.1663404104804
56.18538287388737,10.2012145976817
56.09850111271542,10.12007096758948
56.02971292575431,10.2357563881964
56.23933710064182,10.22740069517978
56.14862103749466,9.985500089270673
56.17293732768702,10.15023205636231
56.12012207178631,10.15463151049799
56.12736965595302,10.07999578494531
56.20032735065797,10.20622802702198
56.24505631596931,10.17177172472042
56.08513639267786,10.08715336416614
56.02900347231607,10.26485839268768
56.30222069501537,10.23537216670889
56.26440173656301,10.25074185562483
56.16932161733583,10.16591140859639
56.11457956029662,10.17369922791401
56.2473362662946,10.26329626496879
56.00510726681981,10.0545736850176
56.20839974603401,10.21078623321879
56.09535117719234,10.07735855306017
56.25289938564355,10.14515665265864
56.13068846637415,10.02960433122545
56.28637783710162,10.22010750155042
56.12405256102485,10.13449094391916
56.17833672826056,10.20614059412794
56.11356137518467,10.17314605610166
56.10740467510025,10.16312322407994
56.10534505579241,10.11425444423778
56.20368052725412,10.04588031512141
56.17719828410211,10.04727101602272
56.13017953119211,10.19606346946596
56.17468350772815,10.20348175770001
56.08070990010151,10.16568545177855
56.15772268405463,10.10021936268417
56.06128159534091,10.09192194886671
56.1791957667285,10.10748110848691
56.16704180108849,10.05960203604935
56.15601430454491,10.01065895459424
56.13605122475134,10.03980354695025
56.19312505873933,10.17025740619166
56.23489665952522,10.24770994437445
56.11981231609009,10.19038385801539
56.23871395071829,10.24548857195343
56.15100159743357,10.09545315735723
56.1057686893243,10.17460838571178
56.08535369427654,10.2188979604897
56.12186785562896,10.1285509767655
56.11525381416183,10.13620225586553
56.12370554087178,10.1627030046026
56.18596313506375,10.08532807375047
56.16069624610425,10.13672624626511
56.18796312381049,10.04660322086281
56.13810053526213,9.997167370182241
56.17010898106901,10.01318319662724
56.15198999982686,10.08110059145442
56.07457370669754,10.12424315295795
56.21921721376147,10.15806145597747
56.042177119241,10.09180274566309
56.07041145463322,10.0971038456309
56.19427608499237,10.12000147924999
56.05337070273256,10.2089379073963
56.10436687816614,10.07103797571285
56.15344272164942,10.0956390176883
56.20734490677161,10.1929025487232
56.14153376320485,10.15072197188343
56.16364306815645,10.15683568432219
56.05601271895922,10.10724263368346
56.20160466564352,10.18908810074886
56.22989102543844,10.28131249557064
56.15745803903051,10.06534826190066
56.06916177446286,10.22083201137374
56.16707114433019,10.17680456909263
56.23925724765297,10.20194919877218
56.25421635146449,10.13427957281764
56.12162167466063,10.05437914873836
56.17511379620975,10.15976625372913
56.20390685878164,10.12568082942593
56.10711861104068,10.18386771247312
56.15594464386886,10.04525063330231
56.29422652503644,10.21558635460695
56.12616932697463,10.13177831013359
56.00968225618022,10.12309231254367
56.22670898861028,10.23411951728265
56.19319387640152,10.11536711336603
56.11326306624683,10.10171069160535
56.28566413172309,10.24064636019741
56.20788501459478,10.18014735897238
56.12563106600464,10.13127653466298
56.13535095297335,10.14232196606642
56.17148128860605,10.20943993497655
56.13400154798786,10.18916653609439
56.15701607536428,10.14611672963396
56.20883651031925,10.22941988614863
56.07003343462299,10.2385669893621
56.0973101572223,10.2186165802619
56.17135542821662,10.15830694874874
56.19377033741821,10.20652378910321
56.26464219912532,10.31061929714807
56.17904417575743,10.20450520598383
56.18180315445693,10.11278757317307
56.16890049182834,10.05118984123168
56.2157861263059,10.14555842856718
56.25491475229899,10.12534805335753
56.1130045504182,10.12791199061167
56.14662460445849,10.17698433581801
56.13128529611697,9.964526373197465
56.20644914583955,10.05000831533193
56.13696316469693,10.1172285360536
56.21146108987001,10.10363430962908
56.08052168679693,10.16570344482798
56.11646953064115,10.15584564548995
56.01050362407884,10.06323494084357
56.15586706634809,10.20325855296434
56.12794544606803,10.20789188376325
56.17395103081506,10.1039725098057
56.21435073729822,10.03911448849139
56.30368812472381,10.25409591256044
56.15745061657083,10.05076521980761
56.21017819859647,10.15603517145333
56.24973165001439,10.16243436309152
56.26325523352625,10.31018569042575
56.23604158680161,10.3047733144794
56.18182395627405,10.02439600841196
56.09825787030268,10.11851141748843
56.05108462921752,10.19847666622429
56.30314121393428,10.20203137385391
56.10185934238077,10.23527651713986
56.17444479352626,10.13255351810795
56.03968304111248,10.08310795982688
56.03224714293745,10.06631671455925
56.15823759801664,10.21172863338375
56.15986648450639,10.14219124519196
56.2703362681841,10.21112342653373
56.13855838529958,9.99495731810381
56.24541467324334,10.14707821779258
56.00191075367606,10.05390385335221
56.1751513462396,10.16439435172783
56.05733768791342,10.19440213094257
56.11698343671698,10.03772741999335
56.11447070840461,10.11297055129612
56.07482814784798,10.15794473461053
56.02940600517673,10.14345739743228
56.14831252038098,10.20393352187423
56.17723170044814,10.21290588300322
56.00757487343379,10.14277046764971
56.10975088438123,10.20275347530549
56.19435605414895,10.24080143808773
56.15072942863058,10.14574238640347
56.09862944744082,10.20216025209644
56.12445072616184,10.1718514580326
56.22878060283676,10.23898064854387
56.30349892439938,10.2584808852661
56.11167346493779,10.15556133027729
56.14823333417247,9.994232161069034
56.08523926574721,10.21529685942452
56.14691962474659,10.14485639201112
56.30337796726124,10.25975531518981
56.09229880085868,10.13565836598313
56.05549612864321,10.21226539962311
56.24089269859416,10.24398347238439
56.16937427180175,10.18424394401186
56.29225840732047,10.21727261827595
56.15663312691434,10.01874370049636
56.11232440527329,10.12752590618864
56.17360529111789,10.06225568436746
56.19265802393596,10.18053800007459
56.31607951125467,10.21713507768779
56.21526531991733,10.28080955023356
56.2599564204255,10.32230259659281
56.1131280574019,10.09934374362068
56.17897563872818,10.14717483306603
56.20262090802196,10.22721447802898
56.15554726025647,10.1617726861326
56.23393916520711,10.30933697366697
56.17112630920089,10.14823609990323
56.17370248987533,10.13678133736012
56.13038066821284,10.11432551168218
56.10354152414778,10.11251112318706
56.21938686450353,10.19834699219873
56.24688246208287,10.14223964700198
56.07479251783582,10.16461246856418
56.12357957683159,10.16702627181474
56.19680033418377,10.24953968673542
56.15112109241613,10.14916283529238
56.04096880581196,10.12457911883049
56.28937138257714,10.25426191995801
56.09396893999062,10.11067609581592
56.11724225286284,10.10660489161161
56.2408106439526,10.26991032553548
56.11253809527805,10.13189538916731
56.25993623583,10.29286862294302
56.16305821290773,10.18238086855249
56.14282375126643,10.20324208521769
56.11747235665629,10.05523458649145
56.03234334874735,10.16752279024123
56.08360552932272,10.13661164848941
56.19162700394744,10.10601884450474
56.24258107213726,10.31328896692792
56.11499630827426,10.21207152368832
56.20035954549867,10.1845671099108
56.18236953500661,10.19916157564317
56.20525369858542,10.22513864072179
56.14623124595279,10.14645259031403
56.18445177047155,10.20791855767728
56.19442162881027,10.19846532007
56.16603136888639,10.11122289336707
56.15326747298696,10.06970567816907
56.23536716495493,10.2532411527319
56.16295938727714,10.22085112396987
56.11356583712696,10.19851840429578
56.25355981596518,10.14291532491651
56.12178363844078,10.04576332456894
56.17543597303793,10.10341667741385
56.13568706233563,10.16875088157837
56.26972020869841,10.31777518574096
56.28222337264866,10.32718531542253
56.25013202354499,10.21170675780563
56.21693628123101,10.16819630930504
56.20157657342413,10.10099915920365
56.15099587286741,9.983199170505637
56.14751407063591,9.999432466400558
56.04011359199602,10.13456786918607
56.14190376437201,10.18878180542544
56.12247747453975,10.03023268413991
56.15326217960396,10.1589358002816
56.16004806819937,10.04522592746269
56.15973519460731,10.1729603264018
56.10515036181593,10.07713023844543
56.03977880287727,10.21978992234151
56.15541995312017,10.10249456264919
56.10834911420025,10.19361463815132
56.17227073403573,10.167308810886
56.13164768370382,10.17706881814737
56.17627559846565,10.10813505786948
56.20298716053235,10.27924485396702
56.143350869467,10.16264248953608
56.18454193548953,10.10449300943206
56.14132216833473,10.19492861515215
56.23022882155797,10.2598573011946
56.17227456922608,10.19240011548925
56.06057421694779,10.16070313276794
56.09290889640652,10.10799721887827
56.15334364151408,10.11458574881458
56.18516598077321,10.09799251611298
56.1633709206121,10.07999943788886
56.18371271386875,10.07488986725336
56.10025231352117,10.15403385376017
56.17705695428918,10.15837808904932
56.16436224701138,10.13794785361927
56.03996855920154,10.18482086600939
56.16389791877229,10.11717772506065
56.23363806319188,10.29542927276136
56.04002171022076,10.1335743666912
56.10890003314437,10.07892426471571
56.18963753177186,10.228107017802
56.16445835604159,10.10638334457487
56.25186172381525,10.21502407317827
56.14509133543041,10.18429558277241
56.1116031665419,10.09555256063108
56.13211237295184,10.19003460937372
56.22285704132495,10.2326080220178
56.17622529410963,10.09002584880125
56.24563715859531,10.29169792163398
56.21981381326262,10.1672703189074
56.23048688490173,10.29678407282212
56.10599735913585,10.20556532885387
56.13394622264727,10.13731096969395
56.15024429325302,10.13035351907576
56.24995349802156,10.30007894375496
56.13348134380692,10.18558924729808
56.08959674116172,10.08219626053798
56.30893579726209,10.20943072944827
56.22961439537212,10.24169781484926
56.14590926724504,10.21014100260391
56.15662409792444,10.1927167053758
56.14984796712946,9.974529920947083
56.13742596184939,10.07544704169528
56.20263885519746,10.09986813458456
56.20823874169363,10.20665772440332
56.21074241237795,10.20536270621714
56.2540747991929,10.17075168963355
56.14138614011264,9.992468110197994
56.10247893660468,10.2062590386902
56.12080798866975,10.1852302785134
56.08513607372672,10.08674275846731
56.16094064719015,10.22436094196486
56.10707753828859,10.0498556596354
56.18382311804645,10.21299583545739
56.19195960008737,10.01160086062169
56.1655398093225,10.11969647555363
56.15947951020964,10.15932866972082
56.11283091376334,10.17275859875036
56.10788756162567,10.03173555276695
56.04971527609253,10.18806859738507
56.27376242947319,10.24155423566114
56.17269692622713,10.07992798364793
56.1670841262749,10.11964032218671
56.20819746898648,10.20943748981183
56.11722598798352,10.15068751629924
56.30161521085415,10.22352332004616
56.11223125887936,10.12287121433118
56.20511786653735,10.27811061631894
56.12467860186368,9.990078805333756
56.11280000954856,10.16936138974472
56.07393572727788,10.2250181119613
56.20238300001891,10.24294991476284
56.20391504633329,10.16170747182417
56.0296640772012,10.24051343119507
56.19206056017813,10.09609348521055
56.14348537385223,10.19586863894624
56.160712413602,10.05982096184197
56.23184323859384,10.32265998577596
56.12207228577379,10.12310972131603
56.17599209649477,10.16141526021765
56.18822764152852,10.04763337533654
56.05676971245796,10.16811128977208
56.15009241228036,10.13325478614481
56.09647200919352,10.20575400151996
56.21852686949201,10.28945991435033
56.28656691756295,10.31708988786103
56.2531520010139,10.33809155346534
56.1745249104985,10.14036339289896
56.10341482254272,10.09008404197804
56.19926041373302,10.24899873211788
56.15936898376791,10.13214421583475
56.10991444690308,10.20521335116226
56.24953214725576,10.32583319674815
56.18812045084292,10.16615765456663
56.15766257896266,10.0940936281283
56.03857458066233,10.07073346788199
56.16346180338602,10.21585349163808
56.25101106999438,10.30560181668338
56.25647709091325,10.14509778223855
56.24334344364444,10.22561438489046
56.27476151800583,10.32243921421724
56.18409191336856,10.20803128298768
56.13027629314714,10.16336853618107
56.11885488402312,10.15884861708549
56.14388078435761,10.10370389023415
56.25358516564128,10.20570701522795
56.06027214577979,10.15902605642677
56.1093126980277,10.20468031899097
56.24873903491554,10.13694028028746
56.18029615965212,10.18052273184058
56.08866902999174,10.24704943864031
56.19387478540151,10.10258103587687
56.10549179750969,10.05736139360993
56.17356293801447,10.1267078861694
56.21229439437337,10.16843598155881
56.10795219355966,10.18212835586301
56.18209817660802,10.10198279156787
56.12145131910957,10.00845897102163
56.11716550750211,10.20809396813356
56.20509567149261,10.27826647019195
56.26035018863834,10.33355118339475
56.07246048501804,10.15997954478641
56.11555331821613,10.1944610688226
56.28535087824665,10.31446840646445
56.04238036262637,10.19192333763586
56.05880245579285,10.14336457519542
56.1872617047673,10.20543073146265
56.13647541844275,10.11441112472708
56.23136413565482,10.23606749022539
56.23778712623106,10.1988251084099
56.24646553209573,10.17008495361806
56.16780898381062,10.18259891497843
56.20890620661989,10.10316046660235
56.12921796948394,10.13598223677332
56.17312357725478,10.19241354582229
56.19473232598121,10.00049467328375
56.12565173275395,10.21577189183906
56.1402304787082,10.1516017844554
56.13164205837992,10.16960006994772
56.15544074502324,10.09478747072611
56.14910263035804,10.14430383336583
56.24777537925984,10.30303083291764
56.19625913727215,10.16214696292708
56.04642134180317,10.21679448066334
56.04191499972388,10.16802874719425
56.12224467018775,10.00605717688353
56.08748151790275,10.16852355275955
56.02026472597931,10.17916919319188
56.22612987695848,10.19064848046796
56.14881816503472,10.17119574936381
56.14195336799707,9.958078523315297
56.00463667411237,10.12410439214002
56.20306308309159,10.0794434177751
56.15622111981416,10.09513194728717
56.02496377927517,10.18528842098075
56.17388834477318,10.04403875420376
56.05959444190299,10.08814721667873
56.16562396646657,10.1400237055815
56.20028519136041,10.16698517431149
56.17452738493922,10.20170161331314
56.31918905508331,10.20236697511818
56.13161081487513,10.15805869326573
56.164536886146,10.0979295187146
56.20415349243414,10.25168893474002
56.04610947107166,10.07974835560454
56.21887152980626,10.29312505680853
56.24725796585441,10.26395621593565
56.11347173616893,10.11877241614008
56.12322176577317,10.13489118888386
56.13668000554969,10.17274766327489
56.16065359304478,10.15118568518463
56.14044981780366,10.16683433731528
56.03768221140522,10.15374387389381
56.08647365431771,10.13835035625534
56.12097000601956,10.13827715896379
56.21193324684982,10.26785437027386
56.14926672367637,9.979094894082664
56.13513271796363,10.14283350076681
56.14918159348574,10.13352532785045
56.18532270873344,10.22474027108802
56.11777273192961,10.1021903805539
56.10538712288525,10.23339097811422
56.23415054794884,10.22697011979328
56.14823622284552,10.14558034520763
56.15079079253345,10.12187421706146
56.23793179948375,10.32715470295476
56.19596376082827,10.23370454716861
56.12930631558375,10.08236555635358
56.22929649448961,10.16172483972143
56.09119995335939,10.19783693446168
56.18800296872771,10.09164643809143
56.16810556546664,10.18270154213769
56.1867296517543,10.15911504437978
56.24009530792841,10.22452101372158
56.12376665687474,10.00889706340337
56.23412451908603,10.22414395801283
56.01213157242885,10.12141651414496
56.22391801716024,10.17453576896529
56.21131208631459,10.16276587916457
56.02700559430226,10.10788844051875
56.2607397133602,10.30479263058807
56.0891093353753,10.13755186235652
56.0870098468345,10.13107806230207
56.25376961264669,10.12753566625501
56.16206108813962,10.14438538428585
56.16328857438957,10.14023123413
56.17114245066698,10.11926853040293
56.06082951279728,10.21694741944281
56.25441306890669,10.33717012029972
56.19042220685297,10.08762073715918
56.10666077205765,10.1564276597326
56.25327781885589,10.27027150783518
56.24855593611179,10.2318257988255
56.10060442082658,10.1636003666083
56.16679746381015,10.14965666505497
56.16110405386534,10.08741529264971
56.15404284985902,10.00564265289562
56.14864815940805,10.15724240853288
56.21004139622298,10.28045718883547
56.17751297736834,10.10234114218514
56.24979811770488,10.15127800987974
56.03182521964281,10.1275711536554
56.07166722732406,10.15955184958482
56.0561304996923,10.08619016304087
56.18853123002003,10.12308790321608
56.11337256826233,10.10229499002169
56.1434273247587,10.20988472113745
56.21220799465988,10.17512078750765
56.07159547964878,10.22238535242804
56.2457660451857,10.2914518633233
56.06897644677375,10.10071389365106
56.15065238234914,10.16116708992295
56.1724504150175,10.19962592793882
56.25466964772017,10.14909835568278
56.1081344566625,10.12456330550079
56.137444251911,10.18850773671665
56.17543396774148,10.20347245567508
56.29722658723702,10.25827988592615
56.14739329626883,10.00422303902407
56.1498242092441,9.996161301342706
56.20340534864019,10.07972325635468
56.08454748069135,10.09431584582311
56.05130723095804,10.08371569045634
56.15469310731307,10.04599467087125
56.13052080312151,10.10757728702076
56.10686339447782,10.17864287558351
56.17463226336343,10.10139021991014
56.03893687693474,10.19520790643904
56.18478048391901,10.19008366303894
56.09233023488115,10.13777346669542
56.2032332869444,10.07963236472553
56.11903632077284,10.06613947673802
56.23693594868953,10.19155870671735
56.20417412404447,10.04841100624441
56.0608010024762,10.16542590018555
56.15285963181324,10.18924684497396
56.16315041331339,10.14757720451635
56.17495514825562,10.122754638931
56.07626564975011,10.23517878443978
56.05607815996327,10.19390930046412
56.10677921160597,10.06408091674384
56.15225111073568,10.01993084832779
56.17749054693889,10.15055151830998
56.05921200202138,10.16650731879233
56.2692937959403,10.2944330672012
56.15271484275682,10.11998894880028
56.11477643969364,10.17851474608374
56.1292689995964,10.10807142150193
56.14379092458988,9.974116178885508
56.09306725290171,10.13824335991514
56.16923704886323,10.03658127343679
56.20183380175826,10.17059541153059
56.07101374518612,10.1604636157204
56.11965306479517,10.05105592696587
56.21750693171226,10.18403492788914
56.13549824542812,10.1561526188077
56.05516140770207,10.07787427140624
56.25908809302314,10.12622866692003
56.18423451079277,10.22505069675017
56.12296576137543,10.15634022164276
56.1071139033475,10.177636859742
56.1816372159834,10.02618241580847
56.08138073290723,10.20979960248299
56.14990088932596,9.974664109052647
56.2099444305273,10.03295311196604
56.23431435916843,10.20620118600934
56.13744947114467,10.18378750572521
56.18187598610208,10.23469091491178
56.15963733495594,10.20275815365981
56.15130531095581,9.992206660428208
56.11379159912683,9.999979155741618
56.12526279412366,10.21500571021221
56.13723624377713,10.17262186935834
56.11797996932054,10.18697826161832
56.15999873659786,10.20986309843194
56.12838373515213,10.11052718728554
56.15450794979171,10.07251874913703
56.19437403004509,10.17599163246691
56.25170306707147,10.30671655882145
56.02837303668341,10.1544436364199
56.05733978080056,10.24207741693763
56.12155378038421,10.05775667429519
56.23881467604795,10.2267381198284
56.14538092689956,10.02499669127493
56.22323474915113,10.1317334774822
56.13552911874977,10.20192996653879
56.27734638437872,10.30096346079851
56.26713420062877,10.30239754116413
56.23444951936971,10.26701041791129
56.13017597042401,10.02790260452218
56.05556348591102,10.12889139982383
56.20200350417158,10.13416792604991
56.302295443614,10.26561152230178
56.29202216753308,10.24524645911845
56.16102549751666,10.14384639981448
56.19474618836364,10.18842597555039
56.10339833907918,10.0899218136595
56.07007230902572,10.18675372311299
56.12934857308043,10.1962442304997
56.10281805431822,10.07904646179517
56.20049103054422,10.18741362493369
56.03715370196377,10.20386065906503
56.13278542844225,10.03487202211729
56.15638184900556,10.05954841279033
56.03559708200752,10.19099388424888
56.20817622067852,10.27318984216972
56.25884573622577,10.28529669837033
56.10830205207738,10.14817414840777
56.03901684112667,10.23676722324249
56.21437854094729,10.09777457952325
56.18454255569591,10.20535510490499
56.1490044037794,10.16167354551678
56.18229113083092,10.18492830801805
56.19286346866456,10.10737314204148
56.28138771224954,10.32302258363684
56.13554939136662,10.16660495536708
56.1438486756377,10.00050534086015
56.13920632704138,10.15485844888198
56.02959059661727,10.14350243223972
56.12507582033456,10.15628347357895
56.28660122850486,10.2859644376826
56.1265225630377,10.18878098239562
56.25666688995849,10.2559326375564
56.09129281996818,10.13826833868895
56.08475597518689,10.1211029209659
56.28797754503427,10.31287482757157
56.07582203255784,10.19946144234986
56.22296298768855,10.23101977900944
56.12325274784698,10.04557981051282
56.19951788892448,10.12014909002805
56.2087047055407,10.27478993931813
56.26781114864666,10.29563341904029
56.20700019007827,10.03907026182996
56.08906340797444,10.13470793380749
56.18931837825392,10.11945828036571
56.14365617935375,9.998431138510288
56.08698982140478,10.1874576750468
56.16609678734032,10.16268237097588
56.25101647522231,10.1878545109607
56.14761728199748,10.00677808772024
56.0908600067012,10.13225768995356
56.22881037824513,10.26729067089765
56.19965011739224,10.2149490905253
56.04382515199699,10.23942723006385
56.23339786113285,10.22433400355531
56.07064923320901,10.15683219669508
56.1143446228872,10.06998161750091
56.21134137692984,10.20559587764998
56.19821503135124,10.21909790005515
56.12004499962435,10.16433482524169
56.23437553861753,10.14808957831296
56.11211492819017,10.00964075102848
56.20406687264035,10.24864654063131
56.03428559081386,10.17396706417422
56.31485681323696,10.26571669078443
56.23959429905336,10.33042163402314
56.16277713814341,10.21999823383071
56.08871209823934,10.13320576586032
56.21135690113049,10.20543311665983
56.32318615818877,10.19329212460519
56.20403551626538,10.15602335749981
56.17317541535954,10.14000074083826
56.13566393712883,10.18777936424969
56.1561005906935,10.06262309988086
56.12774422548328,10.20646264296778
56.15403875789396,10.12326629605868
56.18625754504436,10.00026432204457
56.1228314559838,10.17195124744399
56.05559513567228,10.21506127155873
56.08015502589159,10.1742320191286
56.07348834993692,10.09178294949361
56.23464179599062,10.30217395836202
56.16098243879954,10.22416029662098
56.10384719498749,10.09400447688972
56.11139662459669,10.20879657661129
56.19518303136367,10.18811227913112
56.20866280990425,10.09275079348252
56.19329837837268,10.20775002869025
56.02494334332867,10.15035029355567
56.13399446049534,10.18712809914314
56.05338799552437,10.20876154214649
56.17769197521519,10.11889258521773
56.06332659729691,10.22087927861113
56.16364122366191,10.13735483738484
56.12177660080839,10.08948245886664
56.07640050710649,10.14599283161261
56.09030853061806,10.15241292222506
56.0611114298966,10.15431878357621
56.28215215562381,10.35577593771121
56.14360814962502,10.16122958103072
56.19572156263296,10.07344496317104
56.27978619416655,10.31431366583431
56.12118017854103,10.1586336959584
56.17145520828842,10.18496766573738
56.13757849916303,10.1412797898235
56.18771958445385,10.22013779435374
56.08514182485267,10.08854683805905
56.14734623081918,9.974771885246124
56.1204835230336,10.01338791721601
56.1236787287089,10.12548749341894
56.18557162076694,10.12220428671774
56.09480246957659,10.08629797150419
56.20960714849346,10.21824542512968
56.06628857911351,10.09645256440469
56.12329658147537,10.15648369732051
56.17795223581908,10.16848807560029
56.18904260108712,10.1183970921232
56.12636350726022,10.17478514966938
56.16404267860837,10.19547153266304
56.26683305652006,10.30199945585949
56.24700246180595,10.26538067905824
56.24909469815535,10.23782980107251
56.14412716128766,10.23794060645607
56.20932395929525,10.17297018868229
56.25776758705784,10.32752824995408
56.13898842012499,9.992435773875462
56.27399484722883,10.28227911335733
56.11921676688689,9.98442804326818
56.21114859490829,10.1869096477062
56.15807626989714,10.15629052529688
56.20978323732131,10.20923423672163
56.07300309189851,10.23680174355009
56.25128236757276,10.21292023646887
56.28792149956791,10.31623464821367
56.15607500971453,10.10734183400179
56.17150812840782,10.08320248382418
56.10164951547832,10.16343168594865
56.03506895119283,10.19237195047488
56.27072599357329,10.28915553703117
56.13269758182161,10.12504155105131
56.23701801425161,10.22973704255564
56.23225432911819,10.22541255445504
56.12127268984404,10.03614925652973
56.17531965030821,10.11917639826996
56.17980140580505,10.15535841873606
56.19757514018951,10.17300740951421
56.21034242717814,10.24169843424658
56.0407894818568,10.09207956125176
56.1514879265368,10.19304319460328
56.20777195991482,10.27192170429078
56.25761937545402,10.2757130766516
56.13896230823537,10.19951374206138
56.11547826652857,10.11148972967725
56.28652535017938,10.21867390817168
56.268843663045,10.24394807097715
56.25106363735473,10.20628511819476
56.22718951939903,10.22788373798577
56.23178030098776,10.18153069137599
56.16993996662379,10.20113679259124
56.12467375986482,10.14983029930788
56.23621865099977,10.28093193063652
56.15203798749783,9.984050842191827
56.15205002474386,10.08724679909841
56.2101659227579,10.28566120633137
56.26028002720847,10.33863413325728
56.19974985776422,10.21194089785678
56.08159445348637,10.14358370839256
56.27310150501876,10.22295654128283
56.24088918449208,10.27459389537981
56.1295732130091,10.18192444324778
56.3041482931169,10.23419364675991
56.21191119642712,10.16440301700096
56.21388949297621,10.02469092929182
56.32586820395674,10.21819303356776
56.20434835785095,10.04811814417999
56.15758999811835,10.19401502480336
56.05888894557879,10.08775194097358
56.12831123190523,10.17783055583318
56.11952815666339,10.18287125382043
56.04185942018914,10.22787592625568
56.11033269834127,10.01447057666705
56.16761567899089,10.15462661656072
56.23011409042909,10.23466879485663
56.21886543092124,10.14141699488681
56.14352523708803,10.20427668419697
56.19248848363033,10.16078121724068
56.15118549959956,10.14904401881669
56.23458893315934,10.24342756220787
56.0923587466966,10.13431153112476
56.10025347204655,10.19361443779066
56.1032571219164,10.1515672607066
56.19470950900578,10.21835596533512
56.03271489091356,10.12463956934293
56.14776397941525,10.14629559178597
56.10793815163741,10.05739990567721
56.2011872642455,10.0471010398924
56.06670645234138,10.13339362400913
56.04349014045528,10.19602020828935
56.12848538645002,10.01870851400314
56.13682788936264,10.1621563383389
56.19957520861991,10.24668011544762
56.18093550072215,10.08150162826159
56.23768469054259,10.20207615324551
56.06921227004452,10.17127068951545
56.11727966811184,10.1602096191936
56.17000802591522,10.19327690048366
56.17192315957276,10.20406289012853
56.20902386262993,10.17329242629308
56.19574978149462,9.997073395440784
56.12908258794788,10.10298609355788
56.10629966719863,10.15591151161163
56.1894236401481,10.07710688973998
56.30441007872062,10.20979614757055
56.17170415516384,10.14500616579377
56.13424332098721,10.18118763955177
56.17423891317679,10.19894445304087
56.15343462401553,9.976061713148187
56.17271908856488,10.0420722419479
56.13230666191548,10.20600017557021
56.18624504592158,10.18895295012348
56.21454415919091,10.27235207604861
56.14778977047112,10.15540459879998
56.25097062384108,10.20122894388243
56.25953399133532,10.27995494520654
56.17929030705659,10.12145338459624
56.08641515973743,10.22024209848771
56.16830472400039,10.11990427817916
56.2045537740434,10.08101913470393
56.24188537598771,10.15834828510454
56.19059666918284,10.12398836380139
56.03637400501456,10.14342148327958
56.16295957508579,10.21805283801046
56.26108188624689,10.33471307123737
56.03882477251794,10.07455984069942
56.07088291138071,10.12873264090116
56.09467754264328,10.1263947120542
56.20956753650328,10.10272800844894
56.1510763035751,10.10160136205147
56.17170045387395,10.19903771175156
56.15519773595459,10.20096747581745
56.19047983228906,10.1266235651708
56.00410078551359,10.04024756202659
56.05110876083702,10.26283302342932
56.11568555287747,10.0882872421352
56.17919028367798,10.18168068508927
56.19381810610043,10.20989022347034
56.10927467064012,10.01990035440391
56.09892747609182,10.16188269506878
56.29055426680517,10.29868895503794
56.15829280971349,10.05996875519399
56.2433953869968,10.24348582163407
56.15760056223083,10.18895628136024
56.23367632800978,10.16055385916707
56.13856459322432,10.19695764478539
56.02975335526615,10.18887159553361
56.21106107916872,10.18577406496484
56.20114573758148,10.23133635054326
56.08401950394327,10.23786893185582
56.10237064016063,10.07147442315109
56.15458048878239,10.06016196851201
56.15247221458602,9.987771673595377
56.15678641525673,10.01705622426438
56.2352787841329,10.21356498112978
56.03896475293875,10.19824361102137
56.16262510874924,10.22055148068527
56.09931708270844,10.1907343288581
56.20952994388575,10.28326716461498
56.11037463255941,10.08730800028006
56.19326460969488,10.12296355465537
56.15377760694239,10.0869569223806
56.23854653558681,10.22685797158367
56.26768088873191,10.21340079689114
56.15337982774174,10.04043312252867
56.17577035717871,10.06632908246289
56.11210232996631,10.10329211320448
56.24662425381686,10.13406673497433
56.16169052491853,10.10239838781084
56.15273461203522,10.08575874398162
56.112980653295,10.14722951867314
56.21885599771264,10.187294795513
56.12945386285217,10.1171388619536
56.23966600095344,10.21271976976649
56.21144508892103,10.28275799524921
56.1516685899522,10.18765740497725
56.13561343976268,10.019300860953
56.14645096522529,10.17339616678769
56.16151033537609,10.12527328865071
56.26484176448872,10.33331124616357
56.07160848514858,10.15746789451268
56.10014608628613,10.11109340937906
56.19463825670254,10.20148276903487
56.18892131284311,10.20409474739028
56.2413072815005,10.23784058969737
56.01882041684036,10.20941428669242
56.2015952290538,10.26052192646894
56.10337890624646,10.21967975360737
56.16586738783792,10.04974845578697
56.16595502239686,10.19382350809877
56.1367572563834,9.999226259304532
56.14609478225869,10.15826540781086
56.23939975467815,10.19323873086137
56.09290707743273,10.23873721999998
56.16979123324749,10.17788954509142
56.21216625977685,10.09271983476636
56.19246273689306,10.14897790520877
56.17108695439143,10.16075182671307
56.16021619546473,10.11988885440073
56.06746627385014,10.09691109858423
56.0942592297611,10.20577346104703
56.2084912687665,10.16110672228377
56.13320140748301,10.18080445251755
56.19747170596372,10.06027566807053
56.15248855385262,10.17485843668145
56.23994723911651,10.33212940024221
56.13137100219339,10.11854680598704
56.07572981085777,10.20820741058209
56.10758773817394,10.06167249415495
56.21679073779116,10.29054405604508
56.22112122426246,10.12876061303813
56.19658673555105,9.987905696729486
56.11084049497268,10.14315805583092
56.10793315710617,10.13453809974706
56.03698897111884,10.13124338737366
56.09336977087436,10.15648753770294
56.13683298093271,10.18465753907721
56.29533030616499,10.21746339226069
56.06333676007316,10.16162274038407
56.15693378901686,10.18096551011175
56.03550517285419,10.17862531074628
56.00767825284734,10.0555632516814
56.10739916822634,10.14755961941311
56.12749946137136,10.01507650705342
56.16544915759181,10.18651666047299
56.2776046363543,10.33141047365266
56.25035101597467,10.30343857429974
56.13271200016999,10.18301524696062
56.14437219317868,10.03691540227048
56.18296401115497,10.05652851294013
56.17037790590193,10.17926910714226
56.14650647108206,10.1403926425928
56.10357930666194,10.09154444555937
56.16657454215952,10.19679920989701
56.16175366184078,10.17252363153318
56.20799382198386,10.27109436073344
56.21075928218942,10.10342565595372
56.08433795322033,10.10713692000303
56.0606363197342,10.22500431811503
56.20039904920372,10.23581471829459
56.05820200322822,10.21561552879526
56.1079485721168,10.21842868195968
56.27304301562211,10.19424348884709
56.04040752665284,10.25559335073335
56.22321197863231,10.21620833426885
56.10460389516682,10.21730330575733
56.28015965504597,10.13670379753351
56.17150996232519,10.21787590389861
56.0977771144269,10.11861581062258
56.1407303029093,10.22400144744588
56.11190426743007,10.13717201221675
56.20144749535152,10.25255055952729
56.04417594724983,10.0937710712413
56.22993557000053,10.29774687070256
56.13426366874016,10.13254500876113
56.15350128502807,10.19306824798204
56.0850963846563,10.09410635251693
56.22572542736081,10.24014457913749
56.16389401788109,10.1777653615928
56.15319651907707,10.00989989484746
56.21144407404919,10.16494300099316
56.15884904773794,10.1307743865671
56.16560554688022,10.19092602755761
56.13410471563936,10.15562979654184
56.16815962221528,10.00454014102175
56.29869663127879,10.25904902980848
56.22427392004195,10.1970411391231
56.24876133054279,10.24398853206715
56.03546556244083,10.18250758335028
56.14019822519289,10.17811901260448
56.10742450665055,10.22414684641586
56.10200699233309,10.17262693475103
56.11779011547869,10.10200877620455
56.15984998785951,10.15078942081602
56.19657344541019,10.17782083083899
56.18555973519596,10.22109731946305
56.09089818057729,10.23101512380655
56.04005123280535,10.17405149358387
56.22799891258892,10.29953473177423
56.18515625364154,10.2369944260076
56.15449703106899,10.12156172867398
56.09067767254352,10.10458260674735
56.12212849235501,10.17742805653482
56.29653446537664,10.25734576130922
56.18011298049131,10.10918823516624
56.15105722505437,10.15104288947496
56.16967859290832,10.18961778126568
56.1247100252129,10.05834034403722
56.08337937826281,10.11802966002011
56.19209364706627,10.17705325629833
56.29333142064458,10.24604694244953
56.12589681776184,10.12477365690058
56.14833593616122,10.17071942525275
56.22971747800997,10.1425081297176
56.20075167839375,10.23691966257098
56.19862611959137,10.23885627888486
56.06414459342427,10.23439617662822
56.24588529168066,10.26384407918607
56.2295904771907,10.31476540587206
56.23933178613437,10.19312139400964
56.11425629275291,10.07002855294817
56.07057030889939,10.16018229157527
56.2572993130062,10.29685931449993
56.10873799374319,10.04966154560999
56.26503541552621,10.25977642260935
56.15368563901054,10.01101235335973
56.09176738789823,10.13307712423332
56.14984295360942,10.06539872630603
56.11247384137256,10.15107646550072
56.10967404910105,10.15620589754743
56.18134760858671,10.20761342796471
56.21406042552014,10.02723252418887
56.1804906986529,10.10918770441655
56.02959946800135,10.24209531763891
56.12423111954451,10.20053612008578
56.08568600374574,10.14826142914194
56.14267191233356,10.16789937402551
56.15879301781439,10.07463735688915
56.26124886981014,10.33455540808434
56.06730449857315,10.13836809101568
56.25101312773684,10.13694959936662
56.15897426218957,10.20831426583809
56.21839300581532,10.1351448057199
56.1428276078503,10.19420336733927
56.08469268185667,10.13032677210239
56.23469752409144,10.13521113326757
56.22138869093928,10.02767956868242
56.22731298256397,10.19788026001941
56.05346425169542,10.20254547228101
56.11507439680907,10.13309863147994
56.08945348713044,10.14211241201931
56.06507882901106,10.11909271112537
56.18456558147679,10.08075003211383
56.14935394418343,9.985421510105391
56.25043175951921,10.26423031174108
56.1852996960712,10.13228561586935
56.15331503641283,10.07406310880022
56.19620724286109,10.23851839931642
56.18102518046002,10.16850292980498
56.04761593034777,10.19014063792044
56.02287034107153,10.18270904367988
56.15392945565857,10.1965780549242
56.20736556599014,10.26162816814453
56.29275389159412,10.18197414099404
56.04717089479464,10.2178999753411
56.18785637823691,10.18064042229557
56.12222684070731,10.00832423503981
56.14380551315853,10.18380508840758
56.19525774109017,10.15991956546869
56.20280038540044,10.18897131358761
56.22936487767492,10.21306023475873
56.27349251006326,10.15166902808399
56.20529923565869,10.21516220260065
56.19212914480203,10.0867267311869
56.18465476984674,10.08139303694981
56.07835190158375,10.20980423945721
56.1838616947342,10.21284596178538
56.20348963459463,10.21118246622804
56.10418884772055,10.07820679785106
56.13350318300871,10.11321493914974
56.16310388203568,10.19567946456917
56.23591273547294,10.2256168776384
56.1050459862261,10.14451069923196
56.10811389081803,10.21490101705816
56.10889212096389,10.04827642269909
56.17003845017013,10.20333613085078
56.2867353461731,10.31771944703691
56.038739852939,10.21138886598432
56.10264214842937,10.05976845494789
56.10297164936703,10.15348241525221
56.13257620721065,10.12066963737825
56.14988289849177,10.13550439711208
56.17945259279956,10.18182426771907
56.21951887509056,10.26532734420845
56.11352703632481,10.19328933769567
56.16243617381674,10.21788918120325
56.1404837423212,10.15325765232466
56.10063771701209,10.21803123129841
56.11098360557418,10.07025882844819
56.16681033311618,10.10808866737168
56.04756792746946,10.24152572914419
56.2270328685516,10.23044632877083
